text_id,author_canonical_name,author_fre_name,author_eng_name,author_dates,author_period,author_ISNI,author_URI_Perseus_catalog,author_CTS_code,author_biography,work_canonical_title,work_orig_title,work_fre_title,work_eng_title,work_date,work_language,work_URI_data_bnf,work_URI_perseus_Catalog,work_URI_RSPA,work_reference_editions,work_available_editions,work_genre,work_description,text_old_Perseus_URI,,text_Perseus_or_First1KGreek_Github_URI,text_Perseus_edition,text_Perseus_main_structure,text_Perseus_secondary_structure,text_Perseus_milestone,text_Perseus_CTS _refdecl,text_Perseus_enrichment,text_other_source_URI,text_other_source_version,text_other_source_format,text_other_source_licence,text_commentary,relevant_passages_ref,relevant_passages_length,relevant_passages_commentary,zoom_step,zoom_ref_added_by,zoom_ref_confirmed_by,zoom_text_added_by,zoom_text_source,zoom_text_version,zoom_text_confirmed_by,zoom_commented_by,zoom_checked_by,zoom_update_date,zoom_file_work_path,zoom_file_name
text_id,Nom canonique,Nom français,Nom anglais,Dates,Période,ISNI,URI Catalogue Perseus (auteur),URI CTS,Biographie,Titre canonique,Titre original,Titre français,Titre anglais,Date (œuvre),Langue,URI Data.bnf,URI Catalogue Perseus (œuvre),URI RSPA,Editions de référence,Editions disponibles,Genre,Description,URI site Perseus,,URI Github Perseus ou F1KG,Edition Perseus,Structure principale Perseus,Structure secondaire Perseus,Milestones Perseus,Compatible CTS Perseus,Enrichissement Perseus,Autres sources (URI),Autres sources (editions),Autres sources (format),Autres sources (licence),Commentaires sur le texte,Références passages,Longueur passage,Commentaires sur les passages,zoom_step,zoom_ref_added_by,zoom_ref_confirmed_by,zoom_text_added_by,zoom_text_source,zoom_text_version,zoom_text_confirmed_by,zoom_commented_by,zoom_checked_by,zoom_update_date,zoom_file_work_path,zoom_file_name
tech,author,author,author,author,author,author,author,author,author,work,work,work,work,work,work,work,work,work,work,work,work,work,text,,text,text,text,text,text,text,text,text,text,text,text,text,passage,passage,passage,zoom,zoom,zoom,zoom,zoom,zoom,zoom,zoom,zoom,zoom,zoom,zoom
1,AELIANUS SOPHISTES,Elien,Aelian,c. 175 - c. 235 ,Antiquity (classical),http://www.isni.org/isni/000000007980209X,http://catalog.perseus.org/catalog/urn:cite:perseus:author.19,tlg0545,,Natura animalium,Περὶ ζῴων ἠδιότητος,De la nature des animaux,On the characteristics of Animals,,GR,http://data.bnf.fr/13543400/elien_le_sophiste_de_la_nature_des_animaux/,http://data.perseus.org/catalog/urn:cts:greekLit:tlg0545.tlg001,,,,natural history,,http://data.perseus.org/texts/urn:cts:greekLit:tlg0545.tlg001.perseus-grc1,https://github.com/PerseusDL/canonical-greekLit/blob/master/data/tlg0545/tlg001/tlg0545.tlg001.perseus-grc2.xml,https://github.com/PerseusDL/canonical-greekLit/tree/master/data/tlg0545/tlg001,"Claudii Aeliani de natura animalium libri xvii, varia historia, epistolae, fragmenta, Vol 1 / ed. Rudolf Hercher. Lipsiae : In Aedibus B.G. Teubneri, 1864",livre/ch,,pb (pagination moderne),non,,,,,,,complete,,,2 (text added),AZ,,MS,Perseus,"Claudii Aeliani de natura animalium libri xvii, varia historia, epistolae, fragmenta, Vol 1 / ed. Rudolf Hercher. Lipsiae : In Aedibus B.G. Teubneri, 1864",,,,,tlg0545/tlg001,tlg0545.tlg001.perseus-grc1.xml
2,ALBERTUS MAGNUS,Albert le grand,Albertus Magnus,1200 - 1280,Middle-Age,http://www.isni.org/isni/0000000004877740,,non,,De animalibus,De animalibus,De animalibus,De animalibus,c. 1270,LA,,,,,,religious,,non,,non,,,,,,,http://albertusmagnus.uwaterloo.ca/,"De animalibus, ed. H. Stadler (Münster, 1916-1920) : Libri I-XII and Libri XIII-XXVI : http://albertusmagnus.uwaterloo.ca/PDFs/De%20animalibus-Stadler-Libri%20I-XII.pdf ; http://albertusmagnus.uwaterloo.ca/PDFs/De%20animalibus-Stadler-Libri%20XIII-XXVI.pdf
",,,,,,,1 (reference added),AZ,,,,,,,,,,
3,AMBROSIUS,Ambroise,Ambrose,c. 340 - 397,"Antiquity (late, christian)",http://www.isni.org/isni/0000000121452186,http://catalog.perseus.org/catalog/urn:cite:perseus:author.1535,stoa0022,,Hexaemeron,Hexaemeron,Hexaméron,Hexaemeron,390,LA,http://data.bnf.fr/14464433/ambroise_hexameron/,http://data.perseus.org/catalog/urn:cts:latinLit:stoa0022.stoa054,,,,religious,"Commentaire, en 9 homélies réparties en 6 livres, sur les 6 jours de la création (Gen. I, 1-26), prononcé entre 386 et 390 durant une semaine sainte",non,,non,,,,,,,"http://www.monumenta.ch/latein/verzeichnis4.php?tabelle=Ambrosius&xy=Ambrosius,%20Hexaemeron&level=3&nummer=&apparat=&step=&domain=&lang=1&inframe=1&hide_apparatus=1 ",Migne 1845,,,,,,,1 (reference added),AZ,,,,,,,,,,
4,ANTIGONUS,Antigone de Caryste,Antigonus,fl. 240 BC,Antiquity,http://www.isni.org/isni/0000000000373721,http://catalog.perseus.org/catalog/urn:cite:perseus:author.109,tlg0568,,Mirabilia,Περὶ θαυμασίων ἀκουσμάτων ,Curiosités de la nature,On marvelous things heard,,GR,http://data.bnf.fr/13554162/antigone_de_caryste_curiosites_de_la_nature/,non,,,,,,non,,non,,,,,,,,,,,,—,,,1 (reference added),AZ,,,,,,,,,,
5,APOLLONIUS,Apollonios de Tralles,,c. 200 BC - 100 BC,Antiquity,,,non,,,,,,,GR,,,,,,,,œuvre a preciser,,,,,,,,,,,,,,,,,0 (to be precised),AZ,,,,,,,,,,
6,APSYRTOS,,,c. 300 - 400,Antiquity,,,non,,Hippiatrica,,,,,GR,,non,,,,technical,Dans le Corpus hippiatricorum graecorum,non,,non,,,,,,,,,,,,,,,1 (reference added),AZ,,,,,,,,,,
7,ARISTOTELES,Aristote,Aristotle,384 BC - 322 BC,Antiquity,http://www.isni.org/isni/0000000123748083,http://catalog.perseus.org/catalog/urn:cite:perseus:author.204,tlg0086,,De Generatione Animalium,Περὶ ζᾥων γενέσεως,De la génération des animaux,Generation of animals,ca 340 BC,GR,http://data.bnf.fr/12245286/aristote_de_la_generation_des_animaux/,http://data.perseus.org/catalog/urn:cts:greekLit:tlg0086.tlg012,http://rspa.vjf.cnrs.fr/01/texte-antique/par-id/bd0b31d7ee41616b70a0ea3c589fa35edb0ca88d,,A.L. Peck. Harvard. 1942,philosophy,"Fait partie des traités biologiques d’Aristote ; il reprend en cinq livres, pour les expliquer, les faits collectionnés dans Historia Animalium. Les éditeurs ne s'accordent pas pour déterminer si c'est une œuvre de la maturité ou de la vieillesse. Cf. A. L. Peck, Aristotle. Parts of animals […], référencé dans ce répertoire, p. 10-12.  [RSPA]",non,,non,,,,,,,,,,,,—,,,1 (reference added),AZ,,,,,,,,,,
8,ARISTOTELES,Aristote,Aristotle,384 BC - 322 BC,Antiquity,http://www.isni.org/isni/0000000123748085,http://catalog.perseus.org/catalog/urn:cite:perseus:author.204,tlg0086,,De Incessu Animalium,Περὶ πορείας ζῴων,Marche des animaux,On the progression of animals,ca 340 BC,GR,http://data.bnf.fr/12245289/aristote_marche_des_animaux/,,http://rspa.vjf.cnrs.fr/01/texte-antique/par-id/4b2f6d376d805183e9f9ef9f7eebba631df90f06,,,philosophy,"Fait partie du corpus biologique aristotélicien et utilise les observations faites dans Historia Animalium ; comme le De motu animalium, il traite les problèmes du mouvement des vivants. [RSPA]",non,,non,,,,,,,,,,,,—,,,1 (reference added),AZ,,,,,,,,,,
9,ARISTOTELES,Aristote,Aristotle,384 BC - 322 BC,Antiquity,http://www.isni.org/isni/0000000123748086,http://catalog.perseus.org/catalog/urn:cite:perseus:author.204,tlg0086,,De Motu Animalium,Περὶ ζῴων κινήσεως,Mouvement des animaux,On the movement of animals,ca 340 BC,GR,http://data.bnf.fr/12245287/aristote_mouvement_des_animaux/,http://data.perseus.org/catalog/urn:cts:greekLit:tlg0086.tlg021,http://rspa.vjf.cnrs.fr/01/texte-antique/par-id/4a7ee7a6f44396213f12d6e10f0a0ff3d00cc0ef,,,philosophy,"Fait partie du corpus biologique aristotélicien ; comme le De incessu animalium, il traite les problèmes du mouvement des vivants. Il est considéré par certains comme apocryphe. [RSPA]",non,,non,,,,,,,,,,,,—,,,1 (reference added),AZ,,,,,,,,,,
10,ARISTOTELES,Aristote,Aristotle,384 BC - 322 BC,Antiquity,http://www.isni.org/isni/0000000123748088,http://catalog.perseus.org/catalog/urn:cite:perseus:author.204,tlg0086,,De longitudine et brevitate vitae,Περὶ μακροβιότητος καὶ βραχυβιότητος,De la longévité et de la brièveté de la vie,On Length and Shortness of Life,ca 340 BC,GR,,,http://rspa.vjf.cnrs.fr/01/texte-antique/par-id/f91ce8e696390e09b4a535d1d54fc6d3e867326d,,,philosophy,"Fait partie des Parva Naturalia. Ce traité expose les causes de la longueur ou de la brièveté de la vie, chez les animaux mais aussi chez les plantes. La vieillesse serait une sorte de ""dessèchement"" (Cf. R. Mugnier, Aristote. Petits traités d’histoire naturelle […] référencé dans ce répertoire, p. 9). [RSPA]",non,,non,,,,,,,,,,,,—,,,1 (reference added),AZ,,,,,,,,,,
11,ARISTOTELES,Aristote,Aristotle,384 BC - 322 BC,Antiquity,http://www.isni.org/isni/0000000123748092,http://catalog.perseus.org/catalog/urn:cite:perseus:author.204,tlg0086,,Problemata,Προβλήματα ,Problèmes,Problems,ca 340 BC,GR,http://data.bnf.fr/12244114/aristote_problemes/,http://data.perseus.org/catalog/urn:cts:greekLit:tlg0086.tlg036,http://rspa.vjf.cnrs.fr/01/texte-antique/par-id/5a41954d44c661a29de71d643ced89e09ca483d7,,,philosophy,"Recueil de questions et réponses sur l'histoire naturelle, divisé en 38 sections [BNF] Selon W. H. Hett, Aristotle in twenty-three volumes. 15-16, Problems… (référencé dans ce répertoire), p. xi, cet ouvrage est le produit de l'école péripatéticienne. Il est issu de compilations effectuées à diverses périodes. [RSPA]",non,,non,,,,,,,,,,,,partie,,,1 (reference added),AZ,,,,,,,,,,
12,ARISTOTELES (pseudo),Aristote,Aristotle,384 BC - 322 BC,Antiquity,http://www.isni.org/isni/0000000123748093,http://catalog.perseus.org/catalog/urn:cite:perseus:author.204,tlg0086,,Physiognomonica,Φυσιογνωμονικά,Physiognomonica,Physiognomonica,III BC,GR,http://data.bnf.fr/16163825/physiognomica/,http://data.perseus.org/catalog/urn:cts:greekLit:tlg0086.tlg032,http://rspa.vjf.cnrs.fr/01/texte-antique/par-id/c2565d316e4060f273acce84d8c7bdcd6954652a,,,philosophy,"Petit traité pseudo-aristotélicien de physiognomonie ; dans le corpus aristotélicien, il fait partie des Opuscules. Il offre un répertoire de 22 caractères répondant chacun à une association de signes physiques. [RSPA]",non,,non,,,,,,,,,,,,—,,,1 (reference added),AZ,,,,,,,,,,
13,ARISTOTELES (pseudo),Aristote,Aristotle,384 BC - 322 BC,Antiquity,http://www.isni.org/isni/0000000123748094,http://catalog.perseus.org/catalog/urn:cite:perseus:author.204,tlg0086,,De mirabilibus auscultationibus,Περὶ θαυμασίων ἀκουσμάτων,De mirabilibus auscultationibus,On marvellous things heard,III BC,GR,http://data.bnf.fr/16557308/de_mirabilibus_auscultationibus/,http://data.perseus.org/catalog/urn:cts:greekLit:tlg0086.tlg027,http://rspa.vjf.cnrs.fr/01/texte-antique/par-id/f2a415d30e36a137f9e81e09f8233de666639a3c,,,philosophy,"Petit traité pseudo-aristotélicien ; dans le corpus aristotélicien, il fait partie des Opuscules. Il est constitué de 178 anecdotes délivrées sans explication. L’auteur serait un philosophe péripatéticien. Cf. Cf. W. S. Hett, Aristotle. Minor Works, éditions Loeb, Cambridge (Mass.), 1963, p. 237. [RSPA]",non,,non,,,,,,,,,,,,—,,,1 (reference added),AZ,,,,,,,,,,
14,ARISTOTELES,Aristote,Aristotle,384 BC - 322 BC,Antiquity,http://www.isni.org/isni/0000000123748090,http://catalog.perseus.org/catalog/urn:cite:perseus:author.204,tlg0086,,De sensu et sensibilibus,Περὶ αἰσθήσεως καὶ αἰσθητῶν,De sensu et sensibilibus,Sense and Sensibilia,ca 340 BC,GR,,http://data.perseus.org/catalog/urn:cts:greekLit:tlg0086.tlg041,http://rspa.vjf.cnrs.fr/01/texte-antique/par-id/1b1e0cb46455e6700da3e7045ffd88ca9426c38f,,,philosophy,"Contient une introduction commune aux traités composant les Parva naturalia, dont il fait partie. Traite essentiellement des ""rapports possibles entre les quatre éléments et les cinq organes des sens"", et des diverses sensations. Cf. R. Mugnier, Aristote. Petits traités d’histoire naturelle […], référencé dans ce répertoire, p. 6 et 9. Ce traité est également lié aux traités Des couleurs et De l'âme. Cf. W. S. Hett, Aristotle. Parva Naturalia […], référencé dans ce répertoire, p. 5 et p. 207-213. Il est annoncé dans les Météorologiques. [RSPA]",non,https://github.com/OpenGreekAndLatin/First1KGreek/blob/master/data/tlg0086/tlg041/tlg0086.tlg041.1st1K-grc1.xml,https://github.com/OpenGreekAndLatin/First1KGreek/tree/master/data/tlg0086/tlg041,"Aristotelis Opera / Aristotle, ed. Immanuel Bekker. Oxford : Oxford University Press, 1837, vol. 3, p. 243-276",section/chapitre,p (un par div sauf si lg) ; lg et l pour les citations de vers,pb (p. Bekker),oui,,,,,,,—,,,2 (text added),AZ,,MS,OpenGreekAndLatin,"Aristotelis Opera / Aristotle, ed. Immanuel Bekker. Oxford : Oxford University Press, 1837, vol. 3, p. 243-276",,,,,tlg0086/tlg041,tlg0086.tlg041.1st1K-grc1.xml
15,ARISTOTELES,Aristote,Aristotle,384 BC - 322 BC,Antiquity,http://www.isni.org/isni/0000000123748091,http://catalog.perseus.org/catalog/urn:cite:perseus:author.204,tlg0086,,De vita et morte,Περὶ Ζωῆς καὶ Θανάτου,De la vie et de la mort,De vita et morte,ca 340 BC,GR,,http://data.perseus.org/catalog/urn:cts:greekLit:tlg0086.tlg018,http://rspa.vjf.cnrs.fr/01/texte-antique/par-id/eb7e21be26473832d3bf07526be1c46a4b171686,,,philosophy,"Fait partie des Parva naturalia et prolonge logiquement l’étude de la respiration. Certains éditeurs par ailleurs (dont W. D. Ross, Aristotle : Parva Naturalia […], et R. Mugnier, Aristote. Petits traités d’histoire naturelle […], référencés dans le répertoire) l’associent directement au traité De respiratione ainsi qu’à celui De juventute et senectute, et ils les présentent comme un ensemble. Ce traité, selon Zeller (Arch. Für Geschichte der Philos. XVII, 1899), a été perdu ; cependant, la plupart des autres éditeurs considèrent qu'il convient de faire une coupure dans le De vita et morte, mais ils ne sont pas d'accord sur le lieu de cette coupure. Certains mettent à part les deux premiers chapitres sous le nom de De juventute et senectute. Cf. R. Mugnier, p. 6. W. S. Hett, Aristotle. Parva Naturalia […] et R. Mugnier, Aristote. Petits traités d’histoire naturelle […], tout en suivant cette tradition, les ont regroupés dans leurs éditions respectives (référencées dans ce répertoire). Pour d'autres, « [les] six premiers chapitres [du De vita et morte] ont été arbitrairement détachés pour former le […] De juventute et senectute ; et les chapitres 7 à 27 forment le […] De respiratione. Le De vita et morte proprement dit peut être considéré comme comprenant les chapitres 23 à 27 » (J. Tricot, dont la traduction de l’ouvrage est référencée dans ce répertoire, p. v).  [RSPA]",non,https://github.com/OpenGreekAndLatin/First1KGreek/blob/master/data/tlg0086/tlg018/tlg0086.tlg018.1st1K-grc1.xml,https://github.com/OpenGreekAndLatin/First1KGreek/tree/master/data/tlg0086/tlg018,"Aristotelis Opera / Aristotle, ed. Immanuel Bekker. Oxford : Oxford University Press, 1837, vol. 3, p. 322-329",chapitre,p (un par div sauf si lg) ; lg et l pour les citations de vers,pb (p. Bekker) et lb (l. Bekker),oui,,,,,,,—,,,2 (text added),AZ,,MS,OpenGreekAndLatin,"Aristotelis Opera / Aristotle, ed. Immanuel Bekker. Oxford : Oxford University Press, 1837, vol. 3, p. 322-329",,,,,tlg0086/tlg018,tlg0086.tlg018.1st1K-grc1.xml
16,ARISTOTELES,Aristote,Aristotle,384 BC - 322 BC,Antiquity,http://www.isni.org/isni/0000000123748084,http://catalog.perseus.org/catalog/urn:cite:perseus:author.204,tlg0086,,De Partibus Animalium,Περὶ ζῴων μορίων,Les parties des animaux,On the parts of animals,ca 340 BC,GR,http://data.bnf.fr/12194297/aristote_les_parties_des_animaux/,http://data.perseus.org/catalog/urn:cts:greekLit:tlg0086.tlg030,http://rspa.vjf.cnrs.fr/01/texte-antique/par-id/fd2f26ae381b293ac96dc44d00f7dee06399c286,,P. Louis. Belles Lettres. 1956,philosophy,"Si l’authenticité du traité ne fait pas de doute, les éditeurs ne s'accordent pas pour déterminer si c'est une œuvre de la maturité ou de la vieillesse. — Sur la complexité de la tradition philologique (le manuscrit du Vatican est si différent en 691b 28 - 695a 27 qu’on a pu penser à une deuxième version du passage), voir DPhA I, n. A414 (Aristote), Corpus biologique, p. 474-476 et 478-480. — A ce sujet, voir également : P. Pellegrin, Aristote, Les parties des animaux […], référencé dans ce répertoire, p. 80-83 : il souligne la nécessité d’une nouvelle édition et donne des pistes qui aideraient à cet établissement du texte.  [RSPA]",non,https://github.com/OpenGreekAndLatin/First1KGreek/blob/master/data/tlg0086/tlg030/tlg0086.tlg030.1st1K-grc1.xml,https://github.com/OpenGreekAndLatin/First1KGreek/tree/master/data/tlg0086/tlg030,"Aristotelis Opera / ed. Bernhard Langkavel. Leipzig : Teubner, 1886, vol. 1",livre/chapitre/section,p (un par div) ; lg et l pour les citations de vers,pb (p. Bekker) et lb (l. Bekker),oui,,,,,,,—,,,2 (text added),AZ,,MS,OpenGreekAndLatin,"Aristotelis Opera / ed. Bernhard Langkavel. Leipzig : Teubner, 1886, vol. 1",,,,,tlg0086/tlg030,tlg0086.tlg030.1st1K-grc1.xml
17,ARISTOTELES,Aristote,Aristotle,384 BC - 322 BC,Antiquity,http://www.isni.org/isni/0000000123748089,http://catalog.perseus.org/catalog/urn:cite:perseus:author.204,tlg0086,,De juventute et senectute ,"Περὶ νεότητος καὶ γήρως, καὶ ζωῆς καὶ θανάτου, καὶ ἀναπνοῆς",De juventute et senectute ,"On Youth, Old Age, Life and Death, and Respiration",ca 340 BC,GR,,http://data.perseus.org/catalog/urn:cts:greekLit:tlg0086.tlg018,http://rspa.vjf.cnrs.fr/01/texte-antique/par-id/9c5bf9969c56c122675193e0093fad7ba858f70e,,,philosophy,"Fait partie des Parva naturalia. Certains éditeurs (dont W. D. Ross, Aristotle : Parva Naturalia […] référencé dans le répertoire) l’associent à deux autres traités, De vita et morte et De respiratione, qu’ils présentent dans la continuité. Ce traité, selon Zeller (Arch. Für Geschichte der Philos. XVII, 1899), a été perdu ; cependant, la plupart des autres éditeurs considèrent qu'il convient de faire une coupure dans le De vita et morte, mais ils ne sont pas d'accord sur le lieu de cette coupure. Certains mettent à part les deux premiers chapitres sous le nom de De juventute et senectute. W. S. Hett, Aristotle. Parva Naturalia […] et R. Mugnier, Aristote. Petits traités d’histoire naturelle […], tout en suivant cette tradition, les ont regroupés dans leurs éditions respectives (référencées dans ce répertoire). Pour d'autres, « [les] six premiers chapitres [du De vita et morte] ont été arbitrairement détachés pour former le […] De juvente et senectute ; et les chapitres 7 à 27 forment le […] De respiratione. Le De vita et morte proprement dit peut être considéré comme comprenant les chapitres 23 à 27 » (J. Tricot, dont la traduction de l’ouvrage est référencée dans ce répertoire, p. v). [RSPA]",non,https://github.com/OpenGreekAndLatin/First1KGreek/blob/master/data/tlg0086/tlg018/tlg0086.tlg018.1st1K-grc1.xml,https://github.com/OpenGreekAndLatin/First1KGreek/tree/master/data/tlg0086/tlg018,"Aristotelis Opera / ed. Immanuel Bekker. Oxford : Oxford University Press, 1837, vol. 3, p. 322-329",chapitre,p (un par div sauf si lg) ; lg et l pour les citations de vers,pb (p. Bekker) et lb (l. Bekker),oui,,,,,,,—,,,2 (text added),AZ,,MS,OpenGreekAndLatin,"Aristotelis Opera / ed. Immanuel Bekker. Oxford : Oxford University Press, 1837, vol. 3, p. 322-329",,,,,tlg0086/tlg018,tlg0086.tlg018.1st1K-grc1.xml
18,ARISTOTELES,Aristote,Aristotle,384 BC - 322 BC,Antiquity,http://www.isni.org/isni/0000000123748087,http://catalog.perseus.org/catalog/urn:cite:perseus:author.204,tlg0086,,De respiratione ,Περὶ ἀναπνοῆς,De la respiration,On respiration,ca 340 BC,GR,http://data.bnf.fr/13173959/aristote_de_la_respiration/,http://data.perseus.org/catalog/urn:cts:greekLit:tlg0086.tlg037,http://rspa.vjf.cnrs.fr/01/texte-antique/par-id/c1781e19a335c0c9f7ef8361e8bf68d21390cfd4,,,philosophy,"Fait partie des Parva naturalia bien que W. S. Hett, Aristotle. On Breath […], le traite séparément dans son édition (référencée dans ce répertoire). Certains éditeurs (dont W. D. Ross, Aristotle : Parva Naturalia […] et R. Mugnier, Aristote. Petits traités d’histoire naturelle […], référencés dans le répertoire) l’associent à deux autres traités, De juventute et senectute et De vita et morte, qu’ils présentent dans la continuité. [RSPA]",non,https://github.com/OpenGreekAndLatin/First1KGreek/blob/master/data/tlg0086/tlg037/tlg0086.tlg037.1st1K-grc1.xml,https://github.com/OpenGreekAndLatin/First1KGreek/tree/master/data/tlg0086/tlg037,"Aristotelis Opera / ed. Immanuel Bekker. Oxford : Oxford University Press, 1837, vol. 3, p. 329-354
",chapitre,p (un par div sauf si lg) ; lg et l pour les citations de vers,pb (p. Bekker) et lb (l. Bekker),oui,,,,,,,—,,,2 (text added),AZ,,MS,OpenGreekAndLatin,"Aristotelis Opera / ed. Immanuel Bekker. Oxford : Oxford University Press, 1837, vol. 3, p. 329-354
",,,,,tlg0086/tlg037,tlg0086.tlg037.1st1K-grc1.xml
19,ARISTOTELES,Aristote,Aristotle,384 BC - 322 BC,Antiquity,http://www.isni.org/isni/0000000123748082,http://catalog.perseus.org/catalog/urn:cite:perseus:author.204,tlg0086,,Historia Animalium,περὶ ζῴων ἱστορίας,Histoire des animaux,Historia Animalium,ca 340 BC ,GR,http://data.bnf.fr/12047619/aristote_histoire_des_animaux/,http://data.perseus.org/catalog/urn:cts:greekLit:tlg0086.tlg014,http://rspa.vjf.cnrs.fr/01/texte-antique/par-id/e13dac7adb685880a18769c373538ac075ec3581,D.M. Balme. Oxford. 2011,,philosophy,"Le plus important des écrits biologiques d’Aristote. Il contient neuf ou dix livres. Les éditeurs ne s'accordent pas pour déterminer si c'est une œuvre de la maturité ou de la vieillesse. Cf. A. L. Peck, Aristotle. Parts of animals […] référencé dans ce répertoire, p. 10-11. Par ailleurs, certains d'entre eux ont considéré les livres VII et IX et, en partie, le livre VIII comme non authentiques. Cf. A. L. Peck, op. cit., p. liv-lvi. Le livre X est généralement considéré comme apocryphe, mais de nombreux éditeurs et traducteurs l'ont conservé dans leurs ouvrages. Cf. A. L. Peck, op. cit., p. lvi-lviii et D. M. Balme, Aristotle. History of animals […], p. viii, référencés dans ce répertoire. [RSPA]",non,https://github.com/OpenGreekAndLatin/First1KGreek/blob/master/data/tlg0086/tlg014/tlg0086.tlg014.1st1K-grc1.xml,https://github.com/OpenGreekAndLatin/First1KGreek/tree/master/data/tlg0086/tlg014,"Aristotelis Opera / ed. Immanuel Bekker. Oxford : Oxford University Press, 1837, vol. 4, p. 1-383",livre/chapitre,p (un ou plusieurs par div),pb (p. Bekker) et lb (l. Bekker),oui,,,,,,,—,,,2 (text added),AZ,,MS,OpenGreekAndLatin,"Aristotelis Opera / ed. Immanuel Bekker. Oxford : Oxford University Press, 1837, vol. 4, p. 1-383",,,,,tlg0086/tlg014,tlg0086.tlg014.1st1K-grc1.xml
20,ARISTOTELES,Aristote,Aristotle,384 BC - 322 BC,Antiquity,http://www.isni.org/isni/0000000123748095,http://catalog.perseus.org/catalog/urn:cite:perseus:author.204,tlg0086,,Oeconomica,Οἰκονομικά,Economics,Economics,ca 340 BC,GR,http://data.bnf.fr/12322850/aristote_economique/,http://data.perseus.org/catalog/urn:cts:greekLit:tlg0086.tlg029,http://rspa.vjf.cnrs.fr/01/texte-antique/par-id/58fc4cdf82aca9ae9312de1a6c57eb245edde74f,,,philosophy,"Trois petites œuvres indépendantes sont réunis sous ce titre ; ils traitent (notamment le livre I) le thème de l’administration de la maison. L'authenticité de ce traité est très discutée. Pour G. C. Armstrong (référencé dans ce répertoire, p. 323) le premier livre, parfois attribué à Théophraste, ou au moins à un péripatéticien de la première heure, s'inspire fortement de l' Économique de Xénophon et de la Politique d'Aristote. Pour J. Tricot (dont la traduction de l’ouvrage est référencée dans ce répertoire) l'authenticité du 1er livre ne fait aucun doute. Celle par contre des 2e et 3e livres est généralement rejetée. Le 2e livre serait dû à un compilateur qu'on date en général du IVe ou IIIe avant J.-C. Le 3e livre (qui a été commenté par S. Maurus), serait l'œuvre en partie d'un péripatéticien de la première heure et en partie d'un stoïcien du II ou IIIe s. ap. J. C. Il ne nous est parvenu qu'au travers, principalement, de deux traductions latines, dont l'une est due à Guillaume Durand ou Duranti, évêque de Mende (1237-1296).  [RSPA]",http://data.perseus.org/texts/urn:cts:greekLit:tlg0086.tlg029.perseus-grc1,https://github.com/PerseusDL/canonical-greekLit/blob/master/data/tlg0086/tlg029/tlg0086.tlg029.perseus-grc1.xml,https://github.com/PerseusDL/canonical-greekLit/tree/master/data/tlg0086/tlg029,"Aristotle in 23 Volumes, Vol. 18. Cambridge, MA., London : Harvard University Press, 1935",pagination bekker,p (un par div),livre/(section?) /para; bekker lines,oui (pagination bekker),"citations, réf. Bibs (cit, quote, bibl)",,,,,,partie,,,2 (text added),AZ,,MS,Perseus,"Aristotle in 23 Volumes, Vol. 18. Cambridge, MA., London : Harvard University Press, 1935",,,,,tlg0086/tlg029,tlg0086.tlg029.perseus-grc1
21,ARRIANUS,Arrien,Arrian,c. 86/89 – c. 146/160,Antiquity,http://www.isni.org/isni/0000000121451319,http://catalog.perseus.org/catalog/urn:cite:perseus:author.206,tlg0074,,Cynegeticus,Κυνηγετικά,On Dogs,On Dogs,c. 100 – 140,GR,http://data.bnf.fr/12307746/arrien_cynegetique/,http://data.perseus.org/catalog/urn:cts:greekLit:tlg0074.tlg003,,,,natural history,,http://data.perseus.org/texts/urn:cts:greekLit:tlg0074.tlg003.perseus-grc1,https://github.com/PerseusDL/canonical-greekLit/blob/master/data/tlg0074/tlg003/tlg0074.tlg003.perseus-grc2.xml,https://github.com/PerseusDL/canonical-greekLit/tree/master/data/tlg0074/tlg003,"Arriani Nicomediensis Scripta Minora / ed.. Rudolf Hercher. Alfred Eberhard. Leipzig : in aedibus B. G. Teubneri, 1885",ch/section,p (un par div),pb (pagination moderne),oui (ch/section),,,,,,,,,,2 (text added),AZ,,MS,Perseus,"Arriani Nicomediensis Scripta Minora / ed.. Rudolf Hercher. Alfred Eberhard. Leipzig : in aedibus B. G. Teubneri, 1885",,,,,tlg0074/tlg003,tlg0074.tlg003.perseus-grc1.xml
22,ARTEMIDORUS,Artémidore de Daldis,Artemidorus Daldianus,II ,Antiquity,http://www.isni.org/isni/0000000118769107,http://catalog.perseus.org/catalog/urn:cite:perseus:author.208,tlg0553,,Onirocritica,Ὀνειροκριτικά,L'interprétation des songes,The Interpretation of Dreams,,GR,http://data.bnf.fr/12008333/artemidore_d_ephese_l_interpretation_des_songes/,http://data.perseus.org/catalog/urn:cts:greekLit:tlg0553.tlg001,,,,philosophy,,non,https://github.com/OpenGreekAndLatin/First1KGreek/blob/master/data/tlg0553/tlg001/tlg0553.tlg001.1st1K-grc1.xml,https://github.com/OpenGreekAndLatin/First1KGreek/tree/master/data/tlg0553/tlg001,"Artemidori Daldiani Onirocriticon / ed. Roger A. Pack. Lipsiae : In Aedibus B. G. Teubneri, 1963",livre/section,p (un ou plusieurs par div),pb et lb,oui,,,,,,,partie,,,2 (text added),AZ,,MS,OpenGreekAndLatin,"Artemidori Daldiani Onirocriticon / ed. Roger A. Pack. Lipsiae : In Aedibus B. G. Teubneri, 1963",,,,,tlg0553/tlg001,tlg0553.tlg001.1st1K-grc1.xml
23,ATHENAEUS,Athénée de Naucratis,"Athenaeus of Naucratis

",fl. 200,Antiquity,http://www.isni.org/isni/0000000121033635,http://catalog.perseus.org/catalog/urn:cite:perseus:author.228,tlg0008,,Deipnosophistae,Δειπνοσοφισταί,Les déipnosophistes,The deipnosophists,,GR,http://data.bnf.fr/12318305/athenee_les_deipnosophistes/,http://data.perseus.org/catalog/urn:cts:greekLit:tlg0008.tlg001,,,,philosophy,,http://data.perseus.org/texts/urn:cts:greekLit:tlg0008.tlg001.perseus-grc1,,https://github.com/PerseusDL/canonical-greekLit/tree/master/data/tlg0008/tlg001,"Athenaeus. The Deipnosophists. with an English Translation by. Charles Burton Gulick. Cambridge, MA. Harvard University Press. London. William Heinemann Ltd. 1927. 1.
Ou
Athenaeus. Deipnosophistae. Kaibel. In Aedibus B.G. Teubneri. Lipsiae. 1887",livre/ch,p (phrases en 1887 ; 1 par div en 1927),milestone (pagination casaubon) en 1927 ; pb (pagination),oui (livre/ch),"citations, réf. Bibs (cit, quote, bibl), noms de personne",,,,,2 versions dans Perseus avec une structuration et un enrichissement différent,,,,2 (text added),AZ,,MS,Perseus,"Athenaeus. The Deipnosophists. with an English Translation by. Charles Burton Gulick. Cambridge, MA. Harvard University Press. London. William Heinemann Ltd. 1927. 1.
Ou
Athenaeus. Deipnosophistae. Kaibel. In Aedibus B.G. Teubneri. Lipsiae. 1887",,,,,tlg0008/tlg001,tlg0008.tlg001.perseus-grc3.xml
24,AVIANUS,Avianus,Avianus,c. 400 ,Antiquity,http://www.isni.org/isni/0000000110254627,http://catalog.perseus.org/catalog/urn:cite:perseus:author.247,stoa004,,Fabulae,Fabulae,Fables,Fables,,LA,http://data.bnf.fr/14412378/flavius_avianus_fables/,http://data.perseus.org/catalog/urn:cts:latinLit:stoa0046.stoa001,,,,,,non,,non,,,,,,,,,,,,—,,,1 (reference added),AZ,,,,,,,,,,
25,BABRIUS,Babrius,Babrius,II ,Antiquity,http://www.isni.org/isni/0000000095417925,http://catalog.perseus.org/catalog/urn:cite:perseus:author.252,tlg0614,,Fabulae,Μυθίαμβοι Αἰσώπειοι,Fables,Fables,,GR,http://data.bnf.fr/12285600/babrius_fables/,http://data.perseus.org/catalog/urn:cts:greekLit:tlg0614.tlg001,,,,,,non,,https://github.com/OpenGreekAndLatin/First1KGreek/tree/master/data/tlg0614/tlg001,"Fabulae Aesopicae Collectae / ed. Caroli Halmii. Lipsiae : B. G. Teubneri, 1872",livre,p (plusieurs par div),pb et lb (plusieurs niveaux),oui,,,,,,,—,,,2 (text added),AZ,,MS,OpenGreekAndLatin,"Fabulae Aesopicae Collectae / ed. Caroli Halmii. Lipsiae : B. G. Teubneri, 1872",,,,,tlg0614/tlg001,tlg0614.tlg001.1st1K-grc1.xml
26,BASILIUS,Basile de Césarée,Basil,c. 329 - 379,"Antiquity (late, christian)",http://www.isni.org/isni/0000000121029433,http://catalog.perseus.org/catalog/urn:cite:perseus:author.1513,tlg2040,,Homiliae in Hexaemeron,Ὁμιλίαι εἰς τὴν Ἑξαήμερον,Homélies sur l'Hexaéméron,Homilies on the Hexaemeron,378,GR,http://data.bnf.fr/12253337/basile_de_cesaree_homelies_sur_l_hexaemeron/,non,,,,religious,,non,,non,,,,,,,,,,,,Homélies 7-9,,,1 (reference added),AZ,,,,,,,,,,
27,CASSIANUS BASSUS,Cassianus Bassus,Cassianus Bassus,VI ,Antiquity,http://www.isni.org/isni/0000000110259962,,non,,Geoponica,Γεωπονικά,Géoponiques,Geoponica,,GR,http://data.bnf.fr/13179766/cassianus_bassus_geoponiques/,,,,,,"Encyclopédie byzantine du xe siècle en vingt livres : compilation en grec sur l’agriculture (au sens large) rédigée par un anonyme, vraisemblablement sur l’ordre de l’empereur Constantin VII Porphyrogénète. Environ les quatre cinquièmes du corpus des Geoponica sont issus d’un traité du VIe siècle de Cassianus Bassus. Ce traité a pour source primaire une compilation réalisée au IVe siècle par Vindonius Anatolius de Béryte. Cette dernière à son tour était tirée de diverses sources, notamment Magon de Carthage, le pseudo-Démocrite, Pline l'Ancien, Julius Africanus. (Wikipedia)

",non,,non,,,,,,,,,,,,,,,1 (reference added),AZ,,,,,,,,,,
28,COLUMELLA,Columelle,"Columella, Lucius Junius Moderatus",4  - c. 70 ,Antiquity,http://www.isni.org/isni/0000000120186322,http://catalog.perseus.org/catalog/urn:cite:perseus:author.394,phi0845,,De re rustica,De re rustica,On agriculture,On agriculture,20 BC,LA,http://data.bnf.fr/12194464/columelle_de_l_agriculture/,http://data.perseus.org/catalog/urn:cts:latinLit:phi0845.phi002,,,,technical,,http://data.perseus.org/texts/urn:cts:latinLit:phi0845.phi002.perseus-lat2,https://github.com/PerseusDL/canonical-latinLit/blob/master/data/phi0845/phi002/phi0845.phi002.perseus-lat3.xml,https://github.com/PerseusDL/canonical-latinLit/tree/master/data/phi0845/phi002,"Columella, Lucius Junius Moderatus. On Agriculture, vol.  2. / ed. E.S. Forster. Edward H. Heffner. London. Cambridge. William Heinemann; Harvard University, 1940-1954 (2 vol)",livre/ch/section,p (un par div),pb (pagination moderne),non,notes éditoriales,,,,,2 fichiers dans Perseus (1 par volume),partie : 12,,,2 (text added),AZ,,MS,Perseus,"Columella, Lucius Junius Moderatus. On Agriculture, vol.  2. / ed. E.S. Forster. Edward H. Heffner. London. Cambridge. William Heinemann; Harvard University, 1940-1954 (2 vol)",,,,,phi0845/phi002,phi0845.phi002.perseus-lat1.xml
29,DIODORE,Diodore de Sicile,Diodorus Siculus,I BC,Antiquity,http://www.isni.org/isni/000000012020835X,http://catalog.perseus.org/catalog/urn:cite:perseus:author.488,tlg0060,,Bibliotheca historica,Βιβλιοθήκη ἱστορική,Bibliothèque historique,Historical library,,GR,http://data.bnf.fr/12008253/diodore_de_sicile_bibliotheque_historique/,http://data.perseus.org/catalog/urn:cts:greekLit:tlg0060.tlg001,,,,history,,http://data.perseus.org/texts/urn:cts:greekLit:tlg0060.tlg001.perseus-grc3,,https://github.com/PerseusDL/canonical-greekLit/tree/master/data/tlg0060/tlg001,"Diodori Bibliotheca Historica, Vol 1-2./ Immanel Bekker. Ludwig Dindorf. Friedrich Vogel. Kurt Theodor Fischer. in aedibus B. G. Teubneri. Leipzig. 1888-1890 (livre 1-5)
Diodori Bibliotheca Historica, Vol 4-5. / Immanel Bekker. Ludwig Dindorf. Friedrich Vogel. Kurt Theodor Fischer. in aedibus B. G. Teubneri. Leipzig. 1903-1906 (livre 18-20)
Diodorus of Sicily in Twelve Volumes with an English / Translation by C. H. Oldfather. Vol. 4-8. Cambridge, Mass.: Harvard University Press; London: William Heinemann, Ltd. (livre 11-17)",livre/ch/section,p (un par div),pb (pagination moderne),non,,,,,,lacunaire dans Perseus (manque livres 6-10),1.83-87,,,2 (text added),AZ,,MS,Perseus,"Diodori Bibliotheca Historica, Vol 1-2./ Immanel Bekker. Ludwig Dindorf. Friedrich Vogel. Kurt Theodor Fischer. in aedibus B. G. Teubneri. Leipzig. 1888-1890 (livre 1-5)
Diodori Bibliotheca Historica, Vol 4-5. / Immanel Bekker. Ludwig Dindorf. Friedrich Vogel. Kurt Theodor Fischer. in aedibus B. G. Teubneri. Leipzig. 1903-1906 (livre 18-20)
Diodorus of Sicily in Twelve Volumes with an English / Translation by C. H. Oldfather. Vol. 4-8. Cambridge, Mass.: Harvard University Press; London: William Heinemann, Ltd. (livre 11-17)",,,,,tlg0060/tlg001,tlg0060.tlg001.perseus-grc1.xml
30,ESOPUS,Ésope,Aesop,c. 620 BC - 564 BC,Antiquity,http://www.isni.org/isni/0000000390082566,http://catalog.perseus.org/catalog/urn:cite:perseus:author.35,tlg0096,,Fabulae,Μῦθοι,Fables,Fables,,GR,http://data.bnf.fr/12011874/esope_fables/,http://data.perseus.org/catalog/urn:cts:greekLit:tlg0096.tlg002,,,,literature,,non,https://github.com/OpenGreekAndLatin/First1KGreek/blob/master/data/tlg0096/tlg002/tlg0096.tlg002.1st1K-grc1.xml,https://github.com/OpenGreekAndLatin/First1KGreek/tree/master/data/tlg0096/tlg002,"Fabulae Aesopicae Collectae / ed. Caroli Halmii. Lipsiae : B. G. Teubneri, 1872",livre,p (plusieurs par div),pb et lb (plusieurs niveaux),,,,,,,,,,,2 (text added),AZ,,MS,OpenGreekAndLatin,"Fabulae Aesopicae Collectae / ed. Caroli Halmii. Lipsiae : B. G. Teubneri, 1872",,,,,tlg0096/tlg002,tlg0096.tlg002.First1K-grc1.xml
31,EUCHERIUS ,Eucher de Lyon,Eucherius,370  - 449 ,"Antiquity (late, christian)",http://www.isni.org/isni/0000000121433401,http://catalog.perseus.org/catalog/urn:cite:perseus:author.1691,stoa0117,,Formulae spiritalis intellegentiae ,Formulae spiritalis intellegentiae ,Formulae spiritalis intellegentiae ,Formulae spiritalis intellegentiae ,,LA,,http://data.perseus.org/catalog/urn:cts:latinLit:stoa0117.stoa002,,C. Mandolfo. Brepols. 2004,,religious,,non,,non,,,,,,,,Brepols,rtf,autorisation Brepols ?,,chap. IV,,,1 (reference added),AZ,,,,,,,,14/12/14,,
32,GALENUS,Galien,Galen,129  - c. 200 ,Antiquity,http://www.isni.org/0000000121302401,http://catalog.perseus.org/catalog/urn:cite:perseus:author.649,tlg0057,,De naturalibus facultatibus,Περὶ φυσικῶν δυνάμεων,Sur les facultés naturelles,On the naturals faculties,,GR,http://data.bnf.fr/12118443/claude_galien_des_facultes_naturelles/,http://data.perseus.org/catalog/urn:cts:greekLit:tlg0057.tlg010,,,,medical,,http://data.perseus.org/texts/urn:cts:greekLit:tlg0057.tlg010.perseus-grc1,https://github.com/PerseusDL/canonical-greekLit/blob/master/data/tlg0057/tlg010/tlg0057.tlg010.perseus-grc2.xml,https://github.com/PerseusDL/canonical-greekLit/tree/master/data/tlg0057/tlg010,"On the Natural Faculties / Galen, ed. A.J. Brock. Cambridge, MA : Harvard University Press, 1916",livre/section,p (phrases),pb (pagination moderne),non,,,,,,,partie,,,2 (text added),AZ,,MS,Perseus,"On the Natural Faculties / Galen, ed. A.J. Brock. Cambridge, MA : Harvard University Press, 1916",,,,,tlg0057/tlg010,tlg0057.tlg010.perseus-grc1.xml
33,GRATTIUS ,Grattius Faliscus,Grattius Faliscus,I BC - I ,Antiquity,http://www.isni.org/isni/000000037130774X,http://catalog.perseus.org/catalog/urn:cite:perseus:author.678,phi0887,,Cynegetica,Cynegetica,Cynegetica,Cynegetica,,LA,,http://data.perseus.org/catalog/urn:cts:latinLit:phi0887.phi001,,,,technical,,non,,non,,,,,,,http://penelope.uchicago.edu/Thayer/L/Roman/Texts/Grattius/Cynegeticon*.html,,,,,,,,1 (reference added),AZ,,,,,,,,,,
34,HERODOTUS,Hérodote,Herodotus,c. 484 BC - c. 425 BC,Antiquity,http://www.isni.org/isni/0000000123530133,http://catalog.perseus.org/catalog/urn:cite:perseus:author.728,tlg0016,,Historiae,Ἱστορία,Histoires,History,,GR,http://data.bnf.fr/12008360/herodote_histoires/,http://data.perseus.org/catalog/urn:cts:greekLit:tlg0016.tlg001,,,,history,,http://data.perseus.org/texts/urn:cts:greekLit:tlg0016.tlg001.perseus-grc1,https://github.com/PerseusDL/canonical-greekLit/blob/master/data/tlg0016/tlg001/tlg0016.tlg001.perseus-grc2.xml,https://github.com/PerseusDL/canonical-greekLit/tree/master/data/tlg0016/tlg001,"Herodotus, with an English translation / by A. D. Godley. Cambridge : Harvard University Press, 1920",livre/ch/section,p (un par div),milestone (paragraphe),oui (livre/ch/section),,,,,,,"II.65-73, etc.",,,2 (text added),AZ,,MS,Perseus,"Herodotus, with an English translation / by A. D. Godley. Cambridge : Harvard University Press, 1920",,,,,tlg0016/tlg001,tlg0016.tlg001.perseus-grc2.xml
35,HESIODUS,Hésiode,Hesiod,VIII-VII BC,Antiquity,http://www.isni.org/isni/0000000120793528,http://catalog.perseus.org/catalog/urn:cite:perseus:author.729,tlg0020,,Opera & Dies,"Ἔργα καὶ ἡμέραι
",Les travaux et les jours,Works and Days,,GR,http://data.bnf.fr/12258920/hesiode_les_travaux_et_les_jours/,http://data.perseus.org/catalog/urn:cts:greekLit:tlg0020.tlg002,,,,poetry,,http://data.perseus.org/texts/urn:cts:greekLit:tlg0020.tlg002.perseus-grc1,https://github.com/PerseusDL/canonical-greekLit/blob/master/data/tlg0020/tlg002/tlg0020.tlg002.perseus-grc2.xml,https://github.com/PerseusDL/canonical-greekLit/tree/master/data/tlg0020/tlg002,"The Homeric Hymns and Homerica ; Works and Days / Hesiod, with an English Translation by Hugh G. Evelyn-White.  Cambridge, MA :,Harvard University Press; London, William Heinemann Ltd, 1914",lignes,,milestone (paragraphe ; groupes de 10 lignes),oui (lignes),,,,,,,partie,,,2 (text added),AZ,,MS,Perseus,"The Homeric Hymns and Homerica ; Works and Days / Hesiod, with an English Translation by Hugh G. Evelyn-White.  Cambridge, MA :,Harvard University Press; London, William Heinemann Ltd, 1914",,,,,tlg0020/tlg002,tlg0020.tlg002.perseus-grc2.xml
36,HIEROCLES,,,300 – 400,Antiquity,,,non,,Hippiatrica,,,,,GR,,,,,,technical,Dans le Corpus hippiatricorum graecorum,,,non,,,,,,,,,,,,,,,1 (reference added),AZ,,,,,,,,,,
37,HIPPOCRATES,Hippocrate,Hippocrates,c. 460 BC - c. 370 BC,Antiquity,http://www.isni.org/isni/0000000435238545,http://catalog.perseus.org/catalog/urn:cite:perseus:author.739,tlg0627,,De diaeta acutorum,Περὶ διαίτης ὀξέω,Du régime des maladies aiguës,On Regim,,GR,http://data.bnf.fr/14999987/hippocrate_du_regime_des_maladies_aigues/,http://data.perseus.org/catalog/urn:cts:greekLit:tlg0627.tlg005,,,,medical,,http://data.perseus.org/texts/urn:cts:greekLit:tlg0627.tlg005.perseus-grc1,https://github.com/PerseusDL/canonical-greekLit/blob/master/data/tlg0627/tlg005/tlg0627.tlg005.perseus-grc2.xml,https://github.com/PerseusDL/canonical-greekLit/tree/master/data/tlg0627/tlg005,Oeuvres Completes D'Hippocrate / ed. A. Littre. Amsterdam : Adolf M. Hakkert,section,p (phrases),pb (pagination moderne),non,,,,,,,,,,2 (text added),AZ,,MS,Perseus,Oeuvres Completes D'Hippocrate / ed. A. Littre. Amsterdam : Adolf M. Hakkert,,,,,tlg0627/tlg005,tlg0627.tlg005.perseus-grc1.xml
38,ISIDORUS HISPALENSIS,Isidore de Séville,Isidorus of Seville,560  - 636 ,"Antiquity (late, christian)",http://www.isni.org/isni/0000000122756296,http://catalog.perseus.org/catalog/urn:cite:perseus:author.771,stoa0159,,Etymologiae,Etymologiae,Étymologies,Etymologies,c. 630,LA,http://data.bnf.fr/13179089/isidore_de_seville_etymologies/,http://data.perseus.org/catalog/urn:cts:latinLit:stoa0159.stoa004,,,,encyclopedia,,non,,non,,,,,,,http://penelope.uchicago.edu/Thayer/e/roman/texts/isidore/home.html,,,,,book 12,,,1 (reference added),AZ,,,,,,,,,,
39,LUCIANUS SAMOSATENSIS,Lucien de Samosate,Lucian of Samosata,c. 120  - c. 180 ,Antiquity,http://www.isni.org/isni/0000000120187026,http://catalog.perseus.org/catalog/urn:cite:perseus:author.848,tlg0062,,Dipsades,,Sur les dipsades,Dipsads,,GR,,http://data.perseus.org/catalog/urn:cts:greekLit:tlg0062.tlg054,,,,literature,,http://data.perseus.org/texts/urn:cts:greekLit:tlg0062.tlg054.perseus-grc1,,https://github.com/PerseusDL/canonical-greekLit/tree/master/data/tlg0062/tlg054,"Luciani Samosatensis Opera, Vol III / ed. Karl Jacobitz. Leipzig : in aedibus B. G. Teubneri, 1896",section,p (un par div),pb (pagination moderne),non,citations,,,,,,,,,2 (text added),AZ,,MS,Perseus,"Luciani Samosatensis Opera, Vol III / ed. Karl Jacobitz. Leipzig : in aedibus B. G. Teubneri, 1896",,,,,tlg0062/tlg054,tlg0062.tlg054.perseus-grc1.xml
40,LUCIANUS SAMOSATENSIS,Lucien de Samosate,Lucian of Samosata,c. 120  - c. 180 ,Antiquity,http://www.isni.org/isni/0000000120187026,http://catalog.perseus.org/catalog/urn:cite:perseus:author.848,tlg0062,,De sacrificiis,,Sur les sacrifices,On sacrifices,,GR,,http://data.perseus.org/catalog/urn:cts:greekLit:tlg0062.tlg027,,,,literature,,http://data.perseus.org/texts/urn:cts:greekLit:tlg0062.tlg027.perseus-grc1,https://github.com/PerseusDL/canonical-greekLit/blob/master/data/tlg0062/tlg027/tlg0062.tlg027.perseus-grc2.xml,https://github.com/PerseusDL/canonical-greekLit/tree/master/data/tlg0062/tlg027,"Luciani Samosatensis Opera, Vol III / Karl Jacobitz. in aedibus B. G. Teubneri. Leipzig, 1896
Ou
Lucian, Works with an English Translation by A. M. Harmon. Cambridge, MA. Harvard University Press, 1921, vol. 3",section,,,non,,,,,,2 fichiers dans Perseus,—,,,2 (text added),AZ,,MS,Perseus,"Luciani Samosatensis Opera, Vol III / Karl Jacobitz. in aedibus B. G. Teubneri. Leipzig, 1896
Ou
Lucian, Works with an English Translation by A. M. Harmon. Cambridge, MA. Harvard University Press, 1921, vol. 3",,,,,tlg0062/tlg027,tlg0062.tlg027.perseus-grc1.xml
41,"NEMESIANUS, MARCUS AURELIUS OLYMPUS",Némesien,"Nemesianus, Marcus Aurelius Olympius",III ,Antiquity,http://www.isni.org/isni/0000000081223863,http://catalog.perseus.org/catalog/urn:cite:perseus:author.965,stoa0209,,Cynegetica,,Les cynégétiques,,284,LA,http://data.bnf.fr/16904819/nemesien_les_cynegetiques/,http://data.perseus.org/catalog/urn:cts:latinLit:stoa0209.stoa002,,,,,"Poème sur la chasse en 325 vers, dont il ne reste que l'introduction et la partie sur l'équipement nécessaire pour la chasse",non,,non,,,,,,,http://penelope.uchicago.edu/Thayer/L/Roman/Texts/Nemesianus/Cynegetica*.html,,,,,,,,1 (reference added),AZ,,,,,,,,,,
42,"NEMESIANUS, MARCUS AURELIUS OLYMPUS",Némesien,"Nemesianus, Marcus Aurelius Olympius",III ,Antiquity,http://www.isni.org/isni/0000000081223863,http://catalog.perseus.org/catalog/urn:cite:perseus:author.965,stoa0209,,De aucupio,,Sur la capture des oiseaux,On Bird-catching,,LA,,non,,,,,,non,,non,,,,,,,http://penelope.uchicago.edu/Thayer/L/Roman/Texts/Nemesianus/de_Aucupio*.html,,,,,,,,1 (reference added),AZ,,,,,,,,,,
43,NICANDER COLOPHONIUS,Nicandre de Colophon,Nicander of Colophon,II BC,Antiquity,http://www.isni.org/isni/0000000117505425,http://catalog.perseus.org/catalog/urn:cite:perseus:author.974,tlg0022,,Theriaca,Θηριακά,Les thériaques,On Venomous Animals,,GR,http://data.bnf.fr/13188633/nicandre_de_colophon_les_theriaques/,http://data.perseus.org/catalog/urn:cts:greekLit:tlg0022.tlg002,,,,,,non,,non,,,,,,,,,,,,,,,1 (reference added),AZ,,,,,,,,,,
44,OPPIANUS-1,Oppien de Corycos,Oppian of Corycus,-183,Antiquity,http://www.isni.org/isni/0000000374059112,http://catalog.perseus.org/catalog/urn:cite:perseus:author.1015,tlg0023,,Halieutica,῾Αλιευτικά,Halieutiques,Halieutica,,GR,http://data.bnf.fr/15118908/oppien_de_cilicie_halieutiques/,http://data.perseus.org/catalog/urn:cts:greekLit:tlg0023.tlg001,,,,,,http://data.perseus.org/texts/urn:cts:greekLit:tlg0023.tlg001.perseus-grc1,https://github.com/PerseusDL/canonical-greekLit/blob/master/data/tlg0023/tlg001/tlg0023.tlg001.perseus-grc2.xml,https://github.com/PerseusDL/canonical-greekLit/tree/master/data/tlg0023/tlg001,"Oppian, Colluthus, Tryphiodorus / with an English Translation by A.W. Mair. London : William Heinemann, Ltd.; New York: G.P. Putnam's Sons, 1928",livre/vers,,,non,,,,,,,complete,,,2 (text added),AZ,,MS,Perseus,"Oppian, Colluthus, Tryphiodorus / with an English Translation by A.W. Mair. London : William Heinemann, Ltd.; New York: G.P. Putnam's Sons, 1928",,,,,tlg0023/tlg001,tlg0023.tlg001.perseus-grc1.xml
45,OPPIANUS-2,Oppien d'Apamée,Oppian of Apamea,III ,Antiquity,http://www.isni.org/isni/0000000094826743,http://catalog.perseus.org/catalog/urn:cite:perseus:author.1016,tlg0024,,Cynegetica,Κυνηγετικά,Cynégétique,Cynegetica,,GR,http://data.bnf.fr/14626755/oppien_de_syrie_cynegetique/,http://data.perseus.org/catalog/urn:cts:greekLit:tlg0024.tlg001,,,,,,http://data.perseus.org/texts/urn:cts:greekLit:tlg0024.tlg001.perseus-grc1,https://github.com/PerseusDL/canonical-greekLit/blob/master/data/tlg0024/tlg001/tlg0024.tlg001.perseus-grc2.xml,https://github.com/PerseusDL/canonical-greekLit/tree/master/data/tlg0024/tlg001,"Oppian, Colluthus, Tryphiodorus / with an English Translation by A.W. Mair. London : William Heinemann, Ltd.; New York: G.P. Putnam's Sons, 1928",livre/vers,,,non,,,,,,,complete,,,2 (text added),AZ,,MS,Perseus,"Oppian, Colluthus, Tryphiodorus / with an English Translation by A.W. Mair. London : William Heinemann, Ltd.; New York: G.P. Putnam's Sons, 1928",,,,,tlg0024/tlg001,tlg0024.tlg001.perseus-grc1.xml
46,OVIDIUS,Ovide,Ovidius,43 BC - 17 ,Antiquity,http://www.isni.org/isni/0000000121427757,http://catalog.perseus.org/catalog/urn:cite:perseus:author.1018,stoa0216,,Halieutica,Halieutica,Halieutiques,Halieutica,,LA,http://data.bnf.fr/15122919/ovide_halieutiques/,http://data.perseus.org/catalog/urn:cts:latinLit:phi0959.phi014,,,,,,non,,non,,,,,,,,,,,,,,,1 (reference added),AZ,,,,,,,,,,
47,PHAEDRUS,Phèdre,Phaedrus,50 BC – 15,Antiquity,http://www.isni.org/isni/0000000118219332,http://catalog.perseus.org/catalog/urn:cite:perseus:author.1068,phi0975,,Fabulae,Fabulae,Fables,Fables,,LA,http://data.bnf.fr/13320754/phedre_fables/,http://data.perseus.org/catalog/urn:cts:latinLit:phi0975.phi001,,,,literature,,http://data.perseus.org/texts/urn:cts:latinLit:phi0975.phi001.perseus-lat1,,https://github.com/PerseusDL/canonical-latinLit/tree/master/data/phi0975/phi001,"Fabulae Aesopiae. Phaedrus, Augusti libertus / ed. L. Mueller. Leipzig :  B. G. Teubner, 1876",livre/poeme,,,non,,,,,,,,,,2 (text added),AZ,,MS,Perseus,"Fabulae Aesopiae. Phaedrus, Augusti libertus / ed. L. Mueller. Leipzig :  B. G. Teubner, 1876",,,,,phi0975/phi001,phi0975.phi001.perseus-lat1.xml
48,PHILO ALEXANDRINUS,Philon d'Alexandrie,Philo of Alexandria,c. 30 BC - c. 45 ,Antiquity,http://www.isni.org/isni/0000000445046950,,non,,De aeternitate mundi ,Περὶ ἀφθαρσίας κόσμου,Sur l'éternité du monde,On the eternity of the world,,GR,http://data.bnf.fr/13163878/philon_d_alexandrie_sur_l_eternite_du_monde/,non,,,,religious,,non,https://github.com/OpenGreekAndLatin/First1KGreek/blob/master/data/tlg0018/tlg029/tlg0018.tlg029.1st1K-grc1.xml,https://github.com/OpenGreekAndLatin/First1KGreek/tree/master/data/tlg0018/tlg029,"Philonis Alexandrini Opera Quae Supersunt / ed. Leopoldus Cohn et Sigofredus Reiter. Berolini : Typis et Impensis Georgii Reimeri, 1915. vol. VI",chapitre,p (plusieurs par div),pb et lb ; milestones altref et altpage,,notes éditoriales,,,,,,partie,,,2 (text added),AZ,,MS,OpenGreekAndLatin,"Philonis Alexandrini Opera Quae Supersunt / ed. Leopoldus Cohn et Sigofredus Reiter. Berolini : Typis et Impensis Georgii Reimeri, 1915. vol. VI",,,,,tlg0018/tlg029,tlg0018.tlg029.opp-grc1.xml
49,PHILO ALEXANDRINUS,Philon d'Alexandrie,Philo of Alexandria,c. 30 BC - c. 45 ,Antiquity,http://www.isni.org/isni/0000000445046950,,non,,De agricultura,περί γεωργίας,Sur l’agriculture,On husbandry,,GR,,non,,,,religious,,non,https://github.com/OpenGreekAndLatin/First1KGreek/blob/master/data/tlg0018/tlg009/tlg0018.tlg009.1st1K-grc1.xml,https://github.com/OpenGreekAndLatin/First1KGreek/tree/master/data/tlg0018/tlg009,"Philonis Alexandrini Opera Quae Supersunt / ed. Paul Wendland. Berolini : Typis et Impensis Georgii Reimeri, 1897. vol. II",,,,,,,,,,,partie,,,2 (text added),AZ,,MS,OpenGreekAndLatin,"Philonis Alexandrini Opera Quae Supersunt / ed. Paul Wendland. Berolini : Typis et Impensis Georgii Reimeri, 1897. vol. II",,,,,tlg0018/tlg009,tlg0018.tlg009.opp-grc1.xml
50,PHILO ALEXANDRINUS,Philon d'Alexandrie,Philo of Alexandria,c. 30 BC - c. 45 ,Antiquity,http://www.isni.org/isni/0000000445046950,,non,,De plantatione,Περι Φυτουργιας Νωε Το Δευτερον,Sur l’oeuvre de Noé comme planteur,Concerning Noah's Work as a Planter,,GR,,non,,,,religious,,non,https://github.com/OpenGreekAndLatin/First1KGreek/blob/master/data/tlg0018/tlg010/tlg0018.tlg010.1st1K-grc1.xml,https://github.com/OpenGreekAndLatin/First1KGreek/tree/master/data/tlg0018/tlg010,"Philonis Alexandrini Opera Quae Supersunt / ed. Paul Wendland. Berolini : Typis et Impensis Georgii Reimeri, 1897. vol. II",,,,,,,,,,,partie,,,2 (text added),AZ,,MS,OpenGreekAndLatin,"Philonis Alexandrini Opera Quae Supersunt / ed. Paul Wendland. Berolini : Typis et Impensis Georgii Reimeri, 1897. vol. II",,,,,tlg0018/tlg010,tlg0018.tlg010.opp-grc1.xml
51,PHILO ALEXANDRINUS,Philon d'Alexandrie,Philo of Alexandria,c. 30 BC - c. 45 ,Antiquity,http://www.isni.org/isni/0000000445046950,,non,,De somniis,Περὶ τοῦ θεοπέμπτους εἴναι τοὺς ὀνείρους,Des songes,On dreams,,GR,http://data.bnf.fr/13163887/philon_d_alexandrie_des_songes/,non,,,,religious,"Appartient à un ensemble de commentaires du Pentateuque, plus particulièrement au Commentaire allégorique de la loi",non,https://github.com/OpenGreekAndLatin/First1KGreek/blob/master/data/tlg0018/tlg019/tlg0018.tlg019.1st1K-grc1.xml,https://github.com/OpenGreekAndLatin/First1KGreek/tree/master/data/tlg0018/tlg019,"Philonis Alexandrini Opera Quae Supersunt / ed. Paul Wendland. Berolini : Typis et Impensis Georgii Reimeri, 1897. vol. III",,,,,,,,,,,partie,,,2 (text added),AZ,,MS,OpenGreekAndLatin,"Philonis Alexandrini Opera Quae Supersunt / ed. Paul Wendland. Berolini : Typis et Impensis Georgii Reimeri, 1897. vol. III",,,,,tlg0018/tlg019,tlg0018.tlg019.opp-grc1.xml
52,PHILON,,,,Antiquity,,,non,,,,,,,AR,,,,,,,,œuvre a preciser,,,,,,,,,,,,,,,,,0 (to be precised),AZ,,,,,,,,,,
53,PHILOUMENOS,,,,Antiquity,,,non,,,,,,,GR,,,,,,,,œuvre a preciser,,,,,,,,,,,,,,,,,0 (to be precised),AZ,,,,,,,,,,
54,PHYSIOLOGUS-G-I,,,100 – 400,Middle-Age,,,non,,Physiologus,Physiologus,Physiologus,Physiologus,,GR,http://data.bnf.fr/12011614/physiologue/,,,,,encyclopedia,"Sorte de manuel d'histoire naturelle composé en grec entre le IIe et le IVe s. Différentes versions en latin, éthiopien, copte, syriaque, arabe, arménie, langues slaves, moyen haut allemand, moyen anglais.",non,,non,,,,,,,,,,,,,,,1 (reference added),AZ,,,,,,,,,,
55,PHYSIOLOGUS-G-II,,,100 – 400,Middle-Age,,,non,,Physiologus,Physiologus,Physiologus,Physiologus,,GR,http://data.bnf.fr/12011614/physiologue/,,,,,encyclopedia,,non,,non,,,,,,,,,,,,,,,1 (reference added),AZ,,,,,,,,,,
56,PHYSIOLOGUS-G-III,,,100 – 400,Middle-Age,,,non,,Physiologus,Physiologus,Physiologus,Physiologus,,GR,http://data.bnf.fr/12011614/physiologue/,,,,,encyclopedia,,non,,non,,,,,,,,,,,,,,,1 (reference added),AZ,,,,,,,,,,
57,PHYSIOLOGUS-L-A,,,100 – 400,Middle-Age,,,non,,Physiologus,Physiologus,Physiologus,Physiologus,,LA,http://data.bnf.fr/12011614/physiologue/,,,,,encyclopedia,,non,,non,,,,,,,,,,,,,,,1 (reference added),AZ,,,,,,,,,,
58,PHYSIOLOGUS-L-B,,,100 – 400,Middle-Age,,,non,,Physiologus,Physiologus,Physiologus,Physiologus,,LA,http://data.bnf.fr/12011614/physiologue/,,,,,encyclopedia,,non,,non,,,,,,,,,,,,,,,1 (reference added),AZ,,,,,,,,,,
59,PHYSIOLOGUS-L-C,,,100 – 400,Middle-Age,,,non,,Physiologus,Physiologus,Physiologus,Physiologus,,LA,http://data.bnf.fr/12011614/physiologue/,,,,,encyclopedia,,non,,non,,,,,,,,,,,,,,,1 (reference added),AZ,,,,,,,,,,
60,PHYSIOLOGUS-L-Y,,,100 – 400,Middle-Age,,,non,,Physiologus,Physiologus,Physiologus,Physiologus,,LA,http://data.bnf.fr/12011614/physiologue/,,,,,encyclopedia,,non,,non,,,,,,,,,,,,,,,1 (reference added),AZ,,,,,,,,,,
61,PLATO,Platon,Plato,428 BC - 348 BC,Antiquity,http://isni.org/isni/0000000120967858,http://catalog.perseus.org/catalog/urn:cite:perseus:author.1137,tlg0059,,Timaeus,Τίμαιος,Timée,Timaeus,c. 360 AD,GR,http://data.bnf.fr/12010394/platon_timee/,http://data.perseus.org/catalog/urn:cts:greekLit:tlg0059.tlg031,http://rspa.vjf.cnrs.fr/01/texte-antique/par-id/3db5b14cec82aa0ecab5ec8f83034fddc064e4f5,,,philosophy,,http://data.perseus.org/texts/urn:cts:greekLit:tlg0059.tlg031.perseus-grc1,https://github.com/PerseusDL/canonical-greekLit/blob/master/data/tlg0059/tlg031/tlg0059.tlg031.perseus-grc2.xml,https://github.com/PerseusDL/canonical-greekLit/tree/master/data/tlg0059/tlg031,"Platonis Opera / ed. John Burnet. Oxford : Oxford University Press, 1903",texte/section,,,non,,,,,,,partie,,,2 (text added),AZ,,MS,Perseus,"Platonis Opera / ed. John Burnet. Oxford : Oxford University Press, 1903",,,,,tlg0059/tlg031,tlg0059.tlg031.perseus-grc1.xml
62,PLINIUS MAJOR,Pline l'Ancien,Pliny the Elder,23 BC -79 ,Antiquity,http://www.isni.org/isni/0000000123213947,http://catalog.perseus.org/catalog/urn:cite:perseus:author.1141,phi0978,,Naturalis Historia,Naturalis Historia,Histoire naturelle,Natural history,c. 70 AD,LA,http://data.bnf.fr/12011602/pline_l_ancien_histoire_naturelle/,http://data.perseus.org/catalog/urn:cts:latinLit:phi0978.phi001,,,,encyclopedia,,http://data.perseus.org/texts/urn:cts:latinLit:phi0978.phi001.perseus-lat1,https://github.com/PerseusDL/canonical-latinLit/blob/master/data/phi0978/phi001/phi0978.phi001.perseus-lat2.xml,https://github.com/PerseusDL/canonical-latinLit/tree/master/data/phi0978/phi001,"Naturalis Historia / Pliny the Elder, ed. Karl Friedrich Theodor Mayhoff. Lipsiae : Teubner, 1906",livre/chapitre,,,oui,,,,,,,"books 8-11, 28-30, 32",,,3 (annotation),AZ,,,Perseus,"Naturalis Historia / Pliny the Elder, ed. Karl Friedrich Theodor Mayhoff. Lipsiae : Teubner, 1906",,,doctorante CEPAM,,phi0978/phi001,phi0978.phi001.perseus-lat2.xml
63,PLUTARCHUS,Plutarque,Plutarch,c. 46  - 120 ,Antiquity,http://www.isni.org/isni/000000036386663X,http://catalog.perseus.org/catalog/urn:cite:perseus:author.1144,tlg0007,,De amore prolis,Περί της εις τα έγγονα φιλοστοργίας,De l’amour de la progéniture,On affection for offsprings,,GR,,http://data.perseus.org/catalog/urn:cts:greekLit:tlg0007.tlg098,,,,philosophy,,http://data.perseus.org/texts/urn:cts:greekLit:tlg0007.tlg098.perseus-grc1,https://github.com/PerseusDL/canonical-greekLit/blob/master/data/tlg0007/tlg098/tlg0007.tlg098.perseus-grc2.xml,https://github.com/PerseusDL/canonical-greekLit/tree/master/data/tlg0007/tlg098,"Moralia / Plutarch, ed. Gregorius N. Bernardakis. Leipzig : Teubner, 1891. vol. 3",stephpage,,,non,,,,,,,Moralia.493A-497E,,,2 (text added),AZ,,MS,Perseus,"Moralia / Plutarch, ed. Gregorius N. Bernardakis. Leipzig : Teubner, 1891. vol. 3",,,,,tlg0007/tlg098,tlg0007.tlg098.perseus-grc1.xml
64,PLUTARCHUS,Plutarque,Plutarch,c. 46  - 120 ,Antiquity,http://www.isni.org/isni/000000036386663X,http://catalog.perseus.org/catalog/urn:cite:perseus:author.1144,tlg0007,,Quaestiones Naturales,Αίτια φυσικά,Questions naturelles,Causes of natural phenomena,,GR,,http://data.perseus.org/catalog/urn:cts:greekLit:tlg0007.tlg125,,,,philosophy,,http://data.perseus.org/texts/urn:cts:greekLit:tlg0007.tlg125.perseus-grc1,https://github.com/PerseusDL/canonical-greekLit/blob/master/data/tlg0007/tlg125/tlg0007.tlg125.perseus-grc2.xml,https://github.com/PerseusDL/canonical-greekLit/tree/master/data/tlg0007/tlg125,"Moralia / Plutarch, ed. Gregorius N. Bernardakis. Leipzig : Teubner, 1893. vol. 5",stephpage,,,non,,,,,,,Moralia. 911C-919E ,,& 8 additional questions (Longolius),2 (text added),AZ,,MS,Perseus,"Moralia / Plutarch, ed. Gregorius N. Bernardakis. Leipzig : Teubner, 1893. vol. 5",,,,,tlg0007/tlg125,tlg0007.tlg125.perseus-grc1.xml
65,PLUTARCHUS,Plutarque,Plutarch,c. 46  - 120 ,Antiquity,http://www.isni.org/isni/000000036386663X,http://catalog.perseus.org/catalog/urn:cite:perseus:author.1144,tlg0007,,De sollertia animalium,Πότερα τῶν ζῴων φρονιμώτερα τὰ χερσαῖα ἢ τὰ ἔνυδρα,L'intelligence des animaux,Whether Land or Sea Animals Are Cleverer,,GR,http://data.bnf.fr/12262323/plutarque_l_intelligence_des_animaux/,http://data.perseus.org/catalog/urn:cts:greekLit:tlg0007.tlg129,,,,philosophy,,http://data.perseus.org/texts/urn:cts:greekLit:tlg0007.tlg129.perseus-grc1,https://github.com/PerseusDL/canonical-greekLit/blob/master/data/tlg0007/tlg129/tlg0007.tlg129.perseus-grc2.xml,https://github.com/PerseusDL/canonical-greekLit/tree/master/data/tlg0007/tlg129,"Moralia / Plutarch, ed. Gregorius N. Bernardakis. Leipzig : Teubner, 1895. vol. 6",stephpage,,,non,,,,,,,Moralia. 959B-985C,,,2 (text added),AZ,,MS,Perseus,"Moralia / Plutarch, ed. Gregorius N. Bernardakis. Leipzig : Teubner, 1895. vol. 6",,,,,tlg0007/tlg129,tlg0007.tlg129.perseus-grc1.xml
66,PLUTARCHUS,Plutarque,Plutarch,c. 46  - 120 ,Antiquity,http://www.isni.org/isni/000000036386663X,http://catalog.perseus.org/catalog/urn:cite:perseus:author.1144,tlg0007,,Bruta animalia ratione uti,Περὶ τοῦ τὰ ἄλογα λόγῳ χρῆσθαι,Que les bêtes ont l'usage de la raison,Beasts are rationals,,GR,http://data.bnf.fr/12262313/plutarque_que_les_betes_ont_l_usage_de_la_raison/,http://data.perseus.org/catalog/urn:cts:greekLit:tlg0007.tlg130,,,,philosophy,,http://data.perseus.org/texts/urn:cts:greekLit:tlg0007.tlg130.perseus-grc1,https://github.com/PerseusDL/canonical-greekLit/blob/master/data/tlg0007/tlg130/tlg0007.tlg130.perseus-grc2.xml,https://github.com/PerseusDL/canonical-greekLit/tree/master/data/tlg0007/tlg130,"Moralia / Plutarch, ed. Gregorius N. Bernardakis. Leipzig : Teubner, 1895. vol. 6",stephpage,,,non,,,,,,,Moralia. 985D-992E,,,2 (text added),AZ,,MS,Perseus,"Moralia / Plutarch, ed. Gregorius N. Bernardakis. Leipzig : Teubner, 1895. vol. 6",,,,,tlg0007/tlg130,tlg0007.tlg130.perseus-grc1.xml
67,PLUTARCHUS,Plutarque,Plutarch,c. 46  - 120 ,Antiquity,http://www.isni.org/isni/000000036386663X,http://catalog.perseus.org/catalog/urn:cite:perseus:author.1144,tlg0007,,De esu carnium,Περὶ σαρκροφαγίας,Sur la consommation de viande,The eating of flesh,,GR,http://data.bnf.fr/12262308/plutarque_de_esu_carnium/,http://data.perseus.org/catalog/urn:cts:greekLit:tlg0007.tlg132,,,,philosophy,,http://data.perseus.org/texts/urn:cts:greekLit:tlg0007.tlg132.perseus-grc1,https://github.com/PerseusDL/canonical-greekLit/blob/master/data/tlg0007/tlg132/tlg0007.tlg132.perseus-grc2.xml,https://github.com/PerseusDL/canonical-greekLit/tree/master/data/tlg0007/tlg132,"Moralia / Plutarch, ed. Gregorius N. Bernardakis. Leipzig : Teubner, 1895. vol. 6",stephpage,,,non,,,,,,,Moralia. 993A-999B,,,2 (text added),AZ,,MS,Perseus,"Moralia / Plutarch, ed. Gregorius N. Bernardakis. Leipzig : Teubner, 1895. vol. 6",,,,,tlg0007/tlg132,tlg0007.tlg132.perseus-grc1.xml
68,PORPHYRIUS,Porphyre de Tyr,Porphyry,c. 234  - c. 305 ,Antiquity,http://www.isni.org/isni/0000000115762188,http://catalog.perseus.org/catalog/urn:cite:perseus:author.1170,tlg2034,,De Abstinentia,Περὶ ἀποχῆς τῶν ἐμψύχων,Sur l'abstinence de la chair des animaux,On Abstinence from Animal Food,,GR,http://data.bnf.fr/12008472/porphyre_de_l_abstinence/,http://data.perseus.org/catalog/urn:cts:greekLit:tlg2034.tlg003,,,,,,non,,non,,,,,,,,,,,,,,,1 (reference added),AZ,,,,,,,,,,
69,PS-DIOSCORIDE,Dioscoride (Pseudo),Dioscoride (Pseudo),,Antiquity,,,,,,,,,,GR,,,,,,,,œuvre a preciser,,,,,,,,,,,,,,,,,0 (to be precised),AZ,,,,,,,,,,
70,DENYS (pseudo),Dionysius Periegetes (pseudo),Dionysius Periegetes (pseudo),fl. 120,Antiquity,,http://catalog.perseus.org/catalog/urn:cite:perseus:author.505,tlg0084,,Ixeutica,Ἰξευτικά,Ixeuticon,Paraphrases on Bird-catching,,GR,http://data.bnf.fr/13320863/ixeuticon/,http://data.perseus.org/catalog/urn:cts:greekLit:tlg0084.tlg003,,,,,"Ouvrage en 3 livres sur la chasse aux oiseaux qui serait une paraphrase en prose d'""Ixeutika"", oeuvre non conservée d'Oppien de Syrie sur la capture des oiseaux.",non,,non,,,,,,,,,,,,,,,1 (reference added),AZ,,,,,,,,,,
71,SEMONIDES AMORGINUS,Sémonide d'Amorgos,Semonides of Amorgos,VII BC,Antiquity,http://www.isni.org/isni/000000006595464X,http://catalog.perseus.org/catalog/urn:cite:perseus:author.1267,tlg0260,,Iamboi,,Iambes,Iambs,,GR,,http://data.perseus.org/catalog/urn:cts:greekLit:tlg0260.tlg001,,,,poetry,"œuvre perdue à part des  fragments. Poème sur les femmes conservé par Stobée (Florilège, IV, 22, 193) : compare les femmes à des animaux",non,,non,,,,,,,,,,,,Poème 7 (les femmes),,,1 (reference added),AZ,,,,,,,,,,
72,STRABO,Strabon,Strabo,64 BC - c. 24 ,Antiquity,http://www.isni.org/isni/0000000355646565,http://catalog.perseus.org/catalog/urn:cite:perseus:author.1333,tlg0099,,Geographica,Γεωγραφικά,Géographie,Geography,,GR,http://data.bnf.fr/12194250/strabon_geographie/,http://data.perseus.org/catalog/urn:cts:greekLit:tlg0099.tlg001,,,,geography,,http://data.perseus.org/texts/urn:cts:greekLit:tlg0099.tlg001.perseus-grc1,https://github.com/PerseusDL/canonical-greekLit/blob/master/data/tlg0099/tlg001/tlg0099.tlg001.perseus-grc2.xml,https://github.com/PerseusDL/canonical-greekLit/tree/master/data/tlg0099/tlg001,"Geographica / Strabo, ed. A. Meineke. Leipzig: Teubner, 1877",livre/ch/section,,,non,,,,,,,"17.1.19, 31, 38-40, 49 ; 17.2.4",,,2 (text added),AZ,,MS,Perseus,"Geographica / Strabo, ed. A. Meineke. Leipzig: Teubner, 1877",,,,,tlg0099/tlg001,tlg0099.tlg001.perseus-grc1.xml
73,STRATO LAMPSACENUS,Straton de Lampsaque,Straton of Lampsacus,338 BC - c. 269 BC,Antiquity,http://www.isni.org/isni/0000000403614323,http://catalog.perseus.org/catalog/urn:cite:perseus:author.1335,tlg1696,,,,,,,GR,,,,,,,,œuvre a preciser,,,,,,,,,,,,,,,,,0 (to be precised),AZ,,,,,,,,,,
74,THEOMNESTOS,Théomnestos,Theomnestos,c. 300 – c. 350,Antiquity,,,,,Hippiatrica,Hippiatrica,Hippiatrica,Hippiatrica,,GR,,,,,,technical,Dans le Corpus hippiatricorum graecorum,œuvre a preciser,,,,,,,,,,,,,,,,,0 (to be precised),AZ,,,,,,,,,,
75,THEOPHRASTUS,Théophraste,Theophrastus,c. 371 BC - c. 287 BC,Antiquity,http://www.isni.org/isni/0000000398650994,http://catalog.perseus.org/catalog/urn:cite:perseus:author.1394,tlg0093,,De Signis Tempestum,,On wheather signs,On wheather signs,,GR,,http://data.perseus.org/catalog/urn:cts:greekLit:tlg0093.tlg010x03,,,,philosophy,,œuvre a preciser,,non,,,,,,,http://penelope.uchicago.edu/Thayer/H/Roman/Texts/Theophrastus/De_signis*.html,,,,,partie,,,1 (reference added),AZ,,,,,,,,,,
76,THOMAS ,,,,Antiquity,,,,,,,,,,LA,,,,,,,,œuvre a preciser,,,,,,,,,,,,,,,,,0 (to be precised),AZ,,,,,,,,,,
77,TIMOTHEUS GAZAEUS,Thimothée de Gaza,Timotheus Gazaeus,fl. 590 – 620,"Antiquity (late, christian)",,,non,,Peri zôôn,Περὶ ζώων,Sur les animaux,On animals,,GR,,,,,,technical,"Traité zoologique composé au tournant du Ve et du VIe siècle. Connu par des fragments repris dans des compilations médiévales byzantines (Syllogé Constantini au Xe siècle) et arabes, et par un épitomé byzantin du XIe siècle. cf. https://rursus.revues.org/971",non,,non,,,,,,,,,,,,,,,1 (reference added),AZ,,,,,,,,,,
78,VARRO,Varron,Varro,116 BC - 27 BC,Antiquity,http://www.isni.org/isni/0000000121452047,http://catalog.perseus.org/catalog/urn:cite:perseus:author.1455,phi0684,,De re rustica,De re rustica,L’économie rurale,On agriculture,27 BC,LA,http://data.bnf.fr/12008401/varron_l_economie_rurale/,http://data.perseus.org/catalog/urn:cts:latinLit:phi0684.phi002,,,,technical,Traité d’agriculture,non,,non,,,,,,,http://penelope.uchicago.edu/Thayer/L/Roman/Texts/Varro/de_Re_Rustica/1*.html,,,,,,,,1 (reference added),AZ,,,,,,,,,,
79,VINCENTIUS BELVACENSIS ,Vincent de Beauvais,Vincent of Beauvais,c. 1184/1194 – 1264,Middle-Age,http://www.isni.org/isni/0000000120967874,,non,,Speculum naturale,Speculum naturale,Speculum naturale,Speculum naturale,1257,LA,http://data.bnf.fr/12148950/vincent_de_beauvais_speculum_majus/,,,,,encyclopedia,Encyclopédie médiévale,non,,non,,,,,,,"http://sourcencyme.irht.cnrs.fr/encyclopedie/voir/133
",,,,,,,,1 (reference added),AZ,,,,,,,,,,
80,XENOPHON,Xénophon,Xenophon,c. 430 BC - 354 BC,Antiquity,http://www.isni.org/isni/0000000123212506,http://catalog.perseus.org/catalog/urn:cite:perseus:author.1499,tlg0032,,Oeconomicus,Οἰκονομικός,Économique,Economics,,GR,http://data.bnf.fr/12320555/xenophon_economique/,http://data.perseus.org/catalog/urn:cts:greekLit:tlg0032.tlg003,,,,technical,,http://data.perseus.org/texts/urn:cts:greekLit:tlg0032.tlg003.perseus-grc1,https://github.com/PerseusDL/canonical-greekLit/blob/master/data/tlg0032/tlg003/tlg0032.tlg003.perseus-grc2.xml,https://github.com/PerseusDL/canonical-greekLit/tree/master/data/tlg0032/tlg003,"Xenophontis opera omnia, vol. 2. Oxford : Clarendon Press, 1921",livre/ch/section,,,non,,,,,,,partie,,,2 (text added),AZ,,MS,Perseus,"Xenophontis opera omnia, vol. 2. Oxford : Clarendon Press, 1921",,,,,tlg0032/tlg003,tlg0032.tlg003.perseus-grc1.xml
81,XENOPHON,Xénophon,Xenophon,c. 430 BC - 354 BC,Antiquity,http://www.isni.org/isni/0000000123212506,http://catalog.perseus.org/catalog/urn:cite:perseus:author.1499,tlg0032,,Hipparchicus,Ἱππαρχικός,Le commandant de la cavalerie,The Cavalry commander,,GR,http://data.bnf.fr/12320510/xenophon_le_commandant_de_la_cavalerie/,http://data.perseus.org/catalog/urn:cts:greekLit:tlg0032.tlg012,,,,technical,,http://data.perseus.org/texts/urn:cts:greekLit:tlg0032.tlg012.perseus-grc1,https://github.com/PerseusDL/canonical-greekLit/blob/master/data/tlg0032/tlg012/tlg0032.tlg012.perseus-grc2.xml,https://github.com/PerseusDL/canonical-greekLit/tree/master/data/tlg0032/tlg012,"Xenophontis opera omnia, vol. 5. Oxford : Clarendon Press, 1920",livre/ch/section,,,non,,,,,,,,,,2 (text added),AZ,,MS,Perseus,"Xenophontis opera omnia, vol. 5. Oxford : Clarendon Press, 1920",,,,,tlg0032/tlg012,tlg0032.tlg012.perseus-grc1.xml
82,XENOPHON,Xénophon,Xenophon,c. 430 BC - 354 BC,Antiquity,http://www.isni.org/isni/0000000123212506,http://catalog.perseus.org/catalog/urn:cite:perseus:author.1499,tlg0032,,De re equestri,περὶ Ἱππικῆς,De l’art équestre,On the Art of Horsemanship,,GR,http://data.bnf.fr/12008413/xenophon_de_l_art_equestre/,http://data.perseus.org/catalog/urn:cts:greekLit:tlg0032.tlg013,,,,technical,,http://data.perseus.org/texts/urn:cts:greekLit:tlg0032.tlg013.perseus-grc1,https://github.com/PerseusDL/canonical-greekLit/blob/master/data/tlg0032/tlg013/tlg0032.tlg013.perseus-grc2.xml,https://github.com/PerseusDL/canonical-greekLit/tree/master/data/tlg0032/tlg013,"Xenophontis opera omnia, vol. 5. Oxford : Clarendon Press, 1920",livre/ch/section,,,non,,,,,,,,,,2 (text added),AZ,,MS,Perseus,"Xenophontis opera omnia, vol. 5. Oxford : Clarendon Press, 1920",,,,,tlg0032/tlg013,tlg0032.tlg013.perseus-grc1.xml
83,XENOPHON,Xénophon,Xenophon,c. 430 BC - 354 BC,Antiquity,http://www.isni.org/isni/0000000123212506,http://catalog.perseus.org/catalog/urn:cite:perseus:author.1499,tlg0032,,Cynegeticus,Κυνηγετικά,L’art de la chasse,On Hunting,,GR,http://data.bnf.fr/12320508/xenophon_art_de_la_chasse/,http://data.perseus.org/catalog/urn:cts:greekLit:tlg0032.tlg014,,,,technical,,http://data.perseus.org/texts/urn:cts:greekLit:tlg0032.tlg014.perseus-grc1,https://github.com/PerseusDL/canonical-greekLit/blob/master/data/tlg0032/tlg014/tlg0032.tlg014.perseus-grc2.xml,https://github.com/PerseusDL/canonical-greekLit/tree/master/data/tlg0032/tlg014,"Xenophontis opera omnia, vol. 5. Oxford : Clarendon Press, 1920",livre/ch/section,,,non,,,,,,,,,,2 (text added),AZ,,MS,Perseus,"Xenophontis opera omnia, vol. 5. Oxford : Clarendon Press, 1920",,,,,tlg0032/tlg014,tlg0032.tlg014.perseus-grc1.xml
