text_id,author_canonical_name,author_category,author_ISNI,author_fre_name,author_eng_name,author_URI_Perseus_catalog,author_CTS_code,author_dates,author_biography,work_date,work_language,work_canonical_title,work_orig_title,work_fre_title,work_eng_title,work_URI_data_bnf,work_URI_perseus_Catalog,work_reference_editions,work_available_editions,work_genre,work_description,text_Perseus_URI,text_Perseus_or_First1KGreek_Github_URI,text_Perseus_version,text_Perseus_main_structure,text_Perseus_secondary_structure,text_Perseus_milestone,text_Perseus_CTS _refdecl,text_Perseus_enrichment,text_Perseus_version,text_other_source_URI,text_other_source_version,text_other_source_format,text_other_source_licence,text_commentary,relevant_passages_ref,relevant_passages_length,relevant_passages_commentary,process_step,process_ref_added_by,process_ref_confirmed_by,process_text_added_by,text_source,text_version,process_text_confirmed_by,process_commented_by,process_checked_by,process_update_date
1,AELIANUS SOPHISTES,Antiquity (classical),http://www.isni.org/isni/000000007980209X,Elien,Aelian,http://catalog.perseus.org/catalog/urn:cite:perseus:author.19,tlg0545,c. 175 - c. 235 ,,,GR,Natura animalium,Περὶ ζῴων ἠδιότητος,De la nature des animaux,On the characteristics of Animals,http://data.bnf.fr/13543400/elien_le_sophiste_de_la_nature_des_animaux/,http://data.perseus.org/catalog/urn:cts:greekLit:tlg0545.tlg001,,,natural history,,http://data.perseus.org/texts/urn:cts:greekLit:tlg0545.tlg001.perseus-grc1,https://github.com/PerseusDL/canonical-greekLit/tree/master/data/tlg0545/tlg001,"Claudii Aeliani de natura animalium libri xvii, varia historia, epistolae, fragmenta, Vol 1 / ed. Rudolf Hercher. Lipsiae : In Aedibus B.G. Teubneri, 1864",livre/ch,,pb (pagination moderne),non,,"Claudii Aeliani de natura animalium libri xvii, varia historia, epistolae, fragmenta, Vol 1. Aelian. Rudolf Hercher. In Aedibus B.G. Teubneri. Lipsiae. 1864",,,,,,complete,,,2 (text added),AZ,,MS,Perseus,"Claudii Aeliani de natura animalium libri xvii, varia historia, epistolae, fragmenta, Vol 1 / ed. Rudolf Hercher. Lipsiae : In Aedibus B.G. Teubneri, 1864",,,,
2,ALBERTUS MAGNUS,Middle-Age,http://www.isni.org/isni/0000000004877740,Albert le grand,Albertus Magnus,,non,1200 - 1280,,c. 1270,LA,De animalibus,De animalibus,De animalibus,De animalibus,,,,,religious,,non,non,,,,,,,,http://albertusmagnus.uwaterloo.ca/,"De animalibus, ed. H. Stadler (Münster, 1916-1920) : Libri I-XII and Libri XIII-XXVI : http://albertusmagnus.uwaterloo.ca/PDFs/De%20animalibus-Stadler-Libri%20I-XII.pdf ; http://albertusmagnus.uwaterloo.ca/PDFs/De%20animalibus-Stadler-Libri%20XIII-XXVI.pdf
",,,,,,,1 (reference added),AZ,,,,,,,,
3,AMBROSIUS,"Antiquity (late, christian)",http://www.isni.org/isni/0000000121452186,Ambroise,Ambrose,http://catalog.perseus.org/catalog/urn:cite:perseus:author.1535,stoa0022,c. 340 - 397,,,LA,Hexaemeron,,Hexaméron,,,http://data.perseus.org/catalog/urn:cts:latinLit:stoa0022.stoa054,,,religious,,non,non,,,,,,,,,,,,,,,,1 (reference added),AZ,,,,,,,,
4,ANTIGONUS,Antiquity,http://www.isni.org/isni/0000000000373721,Antigone de Caryste,Antigonus,http://catalog.perseus.org/catalog/urn:cite:perseus:author.109,tlg0568,fl. 240 BC,,,GR,Mirabilia,Περὶ θαυμασίων ἀκουσμάτων ,Curiosités de la nature,On marvelous things heard,http://data.bnf.fr/13554162/antigone_de_caryste_curiosites_de_la_nature/,non,,,,,non,non,,,,,,,,,,,,,—,,,1 (reference added),AZ,,,,,,,,
5,APOLLONIUS,Antiquity,,Apollonios de Tralles,,,non,c. 200 BC - 100 BC,,,GR,,,,,,,,,,,œuvre a preciser,,,,,,,,,,,,,,,,,0 (to be precised),AZ,,,,,,,,
6,APSYRTOS,Antiquity,,,,,non,c. 300 - 400,,,GR,Hippiatrica,,,,,non,,,technical,,non,non,,,,,,,,,,,,,,,,1 (reference added),AZ,,,,,,,,
7,ARISTOTELES,Antiquity,http://www.isni.org/isni/0000000123748083,Aristote,Aristotle,http://catalog.perseus.org/catalog/urn:cite:perseus:author.204,tlg0086,384 BC - 322 BC,,ca 340 BC,GR,De Generatione Animalium,Περὶ ζᾥων γενέσεως,De la génération des animaux,Generation of animals,http://data.bnf.fr/12245286/aristote_de_la_generation_des_animaux/,http://data.perseus.org/catalog/urn:cts:greekLit:tlg0086.tlg012,,A.L. Peck. Harvard. 1942,philosophy,,non,non,,,,,,,,,,,,,—,,,1 (reference added),AZ,,,,,,,,
8,ARISTOTELES,Antiquity,http://www.isni.org/isni/0000000123748085,Aristote,Aristotle,http://catalog.perseus.org/catalog/urn:cite:perseus:author.204,tlg0086,384 BC - 322 BC,,ca 340 BC,GR,De Incessu Animalium,Περὶ πορείας ζῴων,Marche des animaux,On the progression of animals,http://data.bnf.fr/12245289/aristote_marche_des_animaux/,,,,philosophy,,non,non,,,,,,,,,,,,,—,,,1 (reference added),AZ,,,,,,,,
9,ARISTOTELES,Antiquity,http://www.isni.org/isni/0000000123748086,Aristote,Aristotle,http://catalog.perseus.org/catalog/urn:cite:perseus:author.204,tlg0086,384 BC - 322 BC,,ca 340 BC,GR,De Motu Animalium,Περὶ ζῴων κινήσεως,Mouvement des animaux,On the movement of animals,http://data.bnf.fr/12245287/aristote_mouvement_des_animaux/,http://data.perseus.org/catalog/urn:cts:greekLit:tlg0086.tlg021,,,philosophy,,non,non,,,,,,,,,,,,,—,,,1 (reference added),AZ,,,,,,,,
10,ARISTOTELES,Antiquity,http://www.isni.org/isni/0000000123748088,Aristote,Aristotle,http://catalog.perseus.org/catalog/urn:cite:perseus:author.204,tlg0086,384 BC - 322 BC,,ca 340 BC,GR,De longitudine et brevitate vitae,Περὶ μακροβιότητος καὶ βραχυβιότητος,,On Length and Shortness of Life,,,,,philosophy,,non,non,,,,,,,,,,,,,—,,,1 (reference added),AZ,,,,,,,,
11,ARISTOTELES,Antiquity,http://www.isni.org/isni/0000000123748092,Aristote,Aristotle,http://catalog.perseus.org/catalog/urn:cite:perseus:author.204,tlg0086,384 BC - 322 BC,,ca 340 BC,GR,Problemata,Προβλήματα ,,,,http://data.perseus.org/catalog/urn:cts:greekLit:tlg0086.tlg036,,,philosophy,,non,non,,,,,,,,,,,,,partie,,,1 (reference added),AZ,,,,,,,,
12,ARISTOTELES,Antiquity,http://www.isni.org/isni/0000000123748093,Aristote,Aristotle,http://catalog.perseus.org/catalog/urn:cite:perseus:author.204,tlg0086,384 BC - 322 BC,,ca 340 BC,GR,Physiognomonica,Φυσιογνωμονικά,,,,http://data.perseus.org/catalog/urn:cts:greekLit:tlg0086.tlg032,,,philosophy,,non,non,,,,,,,,,,,,,—,,,1 (reference added),AZ,,,,,,,,
13,ARISTOTELES,Antiquity,http://www.isni.org/isni/0000000123748094,Aristote,Aristotle,http://catalog.perseus.org/catalog/urn:cite:perseus:author.204,tlg0086,384 BC - 322 BC,,ca 340 BC,GR,De mirabilibus auscultationibus,Περὶ θαυμασίων ἀκουσμάτων,,,,http://data.perseus.org/catalog/urn:cts:greekLit:tlg0086.tlg027,,,philosophy,,non,non,,,,,,,,,,,,,—,,,1 (reference added),AZ,,,,,,,,
14,ARISTOTELES,Antiquity,http://www.isni.org/isni/0000000123748090,Aristote,Aristotle,http://catalog.perseus.org/catalog/urn:cite:perseus:author.204,tlg0086,384 BC - 322 BC,,ca 340 BC,GR,De sensu et sensibilibus,Περὶ αἰσθήσεως καὶ αἰσθητῶν,,Sense and Sensibilia,,http://data.perseus.org/catalog/urn:cts:greekLit:tlg0086.tlg041,,,philosophy,,non,https://github.com/OpenGreekAndLatin/First1KGreek/tree/master/data/tlg0086/tlg041,"Aristotelis Opera / Aristotle, ed. Immanuel Bekker. Oxford : Oxford University Press, 1837, vol. 3, p. 243-276",section/chapitre,p (un par div sauf si lg) ; lg et l pour les citations de vers,pb (p. Bekker),oui,,,,,,,,—,,,2 (text added),AZ,,MS,OpenGreekAndLatin,"Aristotelis Opera / Aristotle, ed. Immanuel Bekker. Oxford : Oxford University Press, 1837, vol. 3, p. 243-276",,,,
15,ARISTOTELES,Antiquity,http://www.isni.org/isni/0000000123748091,Aristote,Aristotle,http://catalog.perseus.org/catalog/urn:cite:perseus:author.204,tlg0086,384 BC - 322 BC,,ca 340 BC,GR,De vita et morte,Περὶ Ζωῆς καὶ Θανάτου,De la vie et de la mort,,,http://data.perseus.org/catalog/urn:cts:greekLit:tlg0086.tlg018,,,philosophy,,non,https://github.com/OpenGreekAndLatin/First1KGreek/tree/master/data/tlg0086/tlg018,"Aristotelis Opera / Aristotle, ed. Immanuel Bekker. Oxford : Oxford University Press, 1837, vol. 3, p. 322-329",chapitre,p (un par div sauf si lg) ; lg et l pour les citations de vers,pb (p. Bekker) et lb (l. Bekker),oui,,,,,,,,—,,,2 (text added),AZ,,MS,OpenGreekAndLatin,"Aristotelis Opera / Aristotle, ed. Immanuel Bekker. Oxford : Oxford University Press, 1837, vol. 3, p. 322-329",,,,
16,ARISTOTELES,Antiquity,http://www.isni.org/isni/0000000123748084,Aristote,Aristotle,http://catalog.perseus.org/catalog/urn:cite:perseus:author.204,tlg0086,384 BC - 322 BC,,ca 340 BC,GR,De Partibus Animalium,Περὶ ζῴων μορίων,Les parties des animaux,On the parts of animals,http://data.bnf.fr/12194297/aristote_les_parties_des_animaux/,http://data.perseus.org/catalog/urn:cts:greekLit:tlg0086.tlg030,,P. Louis. Belles Lettres. 1956,philosophy,,non,https://github.com/OpenGreekAndLatin/First1KGreek/tree/master/data/tlg0086/tlg030,"Aristotelis Opera / ed. Bernhard Langkavel. Leipzig : Teubner, 1886, vol. 1",livre/chapitre/section,p (un par div) ; lg et l pour les citations de vers,pb (p. Bekker) et lb (l. Bekker),oui,,,,,,,,—,,,2 (text added),AZ,,MS,OpenGreekAndLatin,"Aristotelis Opera / ed. Bernhard Langkavel. Leipzig : Teubner, 1886, vol. 1",,,,
17,ARISTOTELES,Antiquity,http://www.isni.org/isni/0000000123748089,Aristote,Aristotle,http://catalog.perseus.org/catalog/urn:cite:perseus:author.204,tlg0086,384 BC - 322 BC,,ca 340 BC,GR,De juventute et senectute ,"Περὶ νεότητος καὶ γήρως, καὶ ζωῆς καὶ θανάτου, καὶ ἀναπνοῆς",,"On Youth, Old Age, Life and Death, and Respiration",,http://data.perseus.org/catalog/urn:cts:greekLit:tlg0086.tlg018,,,philosophy,,non,https://github.com/OpenGreekAndLatin/First1KGreek/tree/master/data/tlg0086/tlg018,"Aristotelis Opera / ed. Immanuel Bekker. Oxford : Oxford University Press, 1837, vol. 3, p. 322-329",chapitre,p (un par div sauf si lg) ; lg et l pour les citations de vers,pb (p. Bekker) et lb (l. Bekker),oui,,,,,,,,—,,,2 (text added),AZ,,MS,OpenGreekAndLatin,"Aristotelis Opera / ed. Immanuel Bekker. Oxford : Oxford University Press, 1837, vol. 3, p. 322-329",,,,
18,ARISTOTELES,Antiquity,http://www.isni.org/isni/0000000123748087,Aristote,Aristotle,http://catalog.perseus.org/catalog/urn:cite:perseus:author.204,tlg0086,384 BC - 322 BC,,ca 340 BC,GR,De respiratione ,Περὶ ἀναπνοῆς,De la respiration,On respiration,http://data.bnf.fr/13173959/aristote_de_la_respiration/,http://data.perseus.org/catalog/urn:cts:greekLit:tlg0086.tlg037,,,philosophy,,non,https://github.com/OpenGreekAndLatin/First1KGreek/tree/master/data/tlg0086/tlg037,"Aristotelis Opera / ed. Immanuel Bekker. Oxford : Oxford University Press, 1837, vol. 3, p. 329-354
",chapitre,p (un par div sauf si lg) ; lg et l pour les citations de vers,pb (p. Bekker) et lb (l. Bekker),oui,,,,,,,,—,,,2 (text added),AZ,,MS,OpenGreekAndLatin,"Aristotelis Opera / ed. Immanuel Bekker. Oxford : Oxford University Press, 1837, vol. 3, p. 329-354
",,,,
19,ARISTOTELES,Antiquity,http://www.isni.org/isni/0000000123748082,Aristote,Aristotle,http://catalog.perseus.org/catalog/urn:cite:perseus:author.204,tlg0086,384 BC - 322 BC,,ca 340 BC ,GR,Historia Animalium,περὶ ζῴων ἱστορίας,,,,http://data.perseus.org/catalog/urn:cts:greekLit:tlg0086.tlg014,D.M. Balme. Oxford. 2011,,philosophy,,non,https://github.com/OpenGreekAndLatin/First1KGreek/tree/master/data/tlg0086/tlg014,"Aristotelis Opera / ed. Immanuel Bekker. Oxford : Oxford University Press, 1837, vol. 4, p. 1-383",livre/chapitre,p (un ou plusieurs par div),pb (p. Bekker) et lb (l. Bekker),oui,,,,,,,,—,,,2 (text added),AZ,,MS,OpenGreekAndLatin,"Aristotelis Opera / ed. Immanuel Bekker. Oxford : Oxford University Press, 1837, vol. 4, p. 1-383",,,,
20,ARISTOTELES,Antiquity,http://www.isni.org/isni/0000000123748095,Aristote,Aristotle,http://catalog.perseus.org/catalog/urn:cite:perseus:author.204,tlg0086,384 BC - 322 BC,,ca 340 BC,GR,Oeconomica,Οἰκονομικά,Economics,Economics,,http://data.perseus.org/catalog/urn:cts:greekLit:tlg0086.tlg029,,,philosophy,,http://data.perseus.org/texts/urn:cts:greekLit:tlg0086.tlg029.perseus-grc1,https://github.com/PerseusDL/canonical-greekLit/tree/master/data/tlg0086/tlg029,"Aristotle in 23 Volumes, Vol. 18. Cambridge, MA., London : Harvard University Press, 1935",pagination bekker,p (un par div),livre/(section?) /para; bekker lines,oui (pagination bekker),"citations, réf. Bibs (cit, quote, bibl)","Aristotle. Aristotle in 23 Volumes, Vol. 18. Harvard University Press, Cambridge, Mass., London. 1935",,,,,,partie,,,2 (text added),AZ,,MS,Perseus,"Aristotle in 23 Volumes, Vol. 18. Cambridge, MA., London : Harvard University Press, 1935",,,,
21,ARRIANUS,Antiquity,http://www.isni.org/isni/0000000121451319,Arrien,Arrian,http://catalog.perseus.org/catalog/urn:cite:perseus:author.206,tlg0074,c. 86/89 – c. 146/160,,c. 100 – 140,GR,Cynegeticus,Κυνηγετικά,On Dogs,On Dogs,http://data.bnf.fr/12307746/arrien_cynegetique/,http://data.perseus.org/catalog/urn:cts:greekLit:tlg0074.tlg003,,,natural history,,http://data.perseus.org/texts/urn:cts:greekLit:tlg0074.tlg003.perseus-grc1,https://github.com/PerseusDL/canonical-greekLit/tree/master/data/tlg0074/tlg003,"Arriani Nicomediensis Scripta Minora / ed.. Rudolf Hercher. Alfred Eberhard. Leipzig : in aedibus B. G. Teubneri, 1885",ch/section,p (un par div),pb (pagination moderne),oui (ch/section),,Arriani Nicomediensis Scripta Minora. Arrian. Rudolf Hercher. Alfred Eberhard. in aedibus B. G. Teubneri. Leipzig. 1885,,,,,,,,,2 (text added),AZ,,MS,Perseus,"Arriani Nicomediensis Scripta Minora / ed.. Rudolf Hercher. Alfred Eberhard. Leipzig : in aedibus B. G. Teubneri, 1885",,,,
22,ARTEMIDORUS,Antiquity,http://www.isni.org/isni/0000000118769107,Artémidore de Daldis,Artemidorus Daldianus,http://catalog.perseus.org/catalog/urn:cite:perseus:author.208,tlg0553,II ,,,GR,Onirocritica,Ὀνειροκριτικά,L'interprétation des songes,The Interpretation of Dreams,http://data.bnf.fr/12008333/artemidore_d_ephese_l_interpretation_des_songes/,http://data.perseus.org/catalog/urn:cts:greekLit:tlg0553.tlg001,,,philosophy,,non,https://github.com/OpenGreekAndLatin/First1KGreek/tree/master/data/tlg0553/tlg001,"Artemidori Daldiani Onirocriticon / ed. Roger A. Pack. Lipsiae : In Aedibus B. G. Teubneri, 1963",livre/section,p (un ou plusieurs par div),pb et lb,oui,,,,,,,,partie,,,2 (text added),AZ,,MS,OpenGreekAndLatin,"Artemidori Daldiani Onirocriticon / ed. Roger A. Pack. Lipsiae : In Aedibus B. G. Teubneri, 1963",,,,
23,ATHENAEUS,Antiquity,http://www.isni.org/isni/0000000121033635,Athénée de Naucratis,"Athenaeus of Naucratis

",http://catalog.perseus.org/catalog/urn:cite:perseus:author.228,tlg0008,,,,GR,Deipnosophistae,Δειπνοσοφισταί,Les déipnosophistes,The deipnosophists,http://data.bnf.fr/12318305/athenee_les_deipnosophistes/,http://data.perseus.org/catalog/urn:cts:greekLit:tlg0008.tlg001,,,philosophy,,http://data.perseus.org/texts/urn:cts:greekLit:tlg0008.tlg001.perseus-grc1,https://github.com/PerseusDL/canonical-greekLit/tree/master/data/tlg0008/tlg001,"Athenaeus. The Deipnosophists. with an English Translation by. Charles Burton Gulick. Cambridge, MA. Harvard University Press. London. William Heinemann Ltd. 1927. 1.
Ou
Athenaeus. Deipnosophistae. Kaibel. In Aedibus B.G. Teubneri. Lipsiae. 1887",livre/ch,p (phrases en 1887 ; 1 par div en 1927),milestone (pagination casaubon) en 1927 ; pb (pagination),oui (livre/ch),"citations, réf. Bibs (cit, quote, bibl), noms de personne","Athenaeus. The Deipnosophists. with an English Translation by. Charles Burton Gulick. Cambridge, MA. Harvard University Press. London. William Heinemann Ltd. 1927. 1.
Ou
Athenaeus. Deipnosophistae. Kaibel. In Aedibus B.G. Teubneri. Lipsiae. 1887",,,,,2 versions dans Perseus avec une structuration et un enrichissement différent,,,,2 (text added),AZ,,MS,Perseus,"Athenaeus. The Deipnosophists. with an English Translation by. Charles Burton Gulick. Cambridge, MA. Harvard University Press. London. William Heinemann Ltd. 1927. 1.
Ou
Athenaeus. Deipnosophistae. Kaibel. In Aedibus B.G. Teubneri. Lipsiae. 1887",,,,
24,AVIANUS,Antiquity,http://www.isni.org/isni/0000000110254627,Avianus,Avianus,http://catalog.perseus.org/catalog/urn:cite:perseus:author.247,stoa004,c. 400 ,,,LA,Fabulae,Fabulae,Fables,Fables,http://data.bnf.fr/14412378/flavius_avianus_fables/,http://data.perseus.org/catalog/urn:cts:latinLit:stoa0046.stoa001,,,,,non,non,,,,,,,,,,,,,—,,,1 (reference added),AZ,,,,,,,,
25,BABRIUS,Antiquity,http://www.isni.org/isni/0000000095417925,Babrius,Babrius,http://catalog.perseus.org/catalog/urn:cite:perseus:author.252,tlg0614,II ,,,GR,Fabulae,Μυθίαμβοι Αἰσώπειοι,Fables,Fables,http://data.bnf.fr/12285600/babrius_fables/,http://data.perseus.org/catalog/urn:cts:greekLit:tlg0614.tlg001,,,,,non,https://github.com/OpenGreekAndLatin/First1KGreek/tree/master/data/tlg0614/tlg001,"Fabulae Aesopicae Collectae / ed. Caroli Halmii. Lipsiae : B. G. Teubneri, 1872",livre,p (plusieurs par div),pb et lb (plusieurs niveaux),oui,,,,,,,,—,,,2 (text added),AZ,,MS,OpenGreekAndLatin,"Fabulae Aesopicae Collectae / ed. Caroli Halmii. Lipsiae : B. G. Teubneri, 1872",,,,
26,BASILIUS,"Antiquity (late, christian)",http://www.isni.org/isni/0000000121029433,Basile de Césarée,Basil,http://catalog.perseus.org/catalog/urn:cite:perseus:author.1513,tlg2040,c. 329 - 379,,378 AD,GR,Homiliae in Hexaemeron,Ὁμιλίαι εἰς τὴν Ἑξαήμερον,Homélies sur l'Hexaéméron,Homilies on the Hexaemeron,http://data.bnf.fr/12253337/basile_de_cesaree_homelies_sur_l_hexaemeron/,non,,,religious,,non,non,,,,,,,,,,,,,Homélies 7-9,,,1 (reference added),AZ,,,,,,,,
27,CASSIANUS BASSUS,Antiquity,http://www.isni.org/isni/0000000110259962,Cassianus Bassus,Cassianus Bassus,,non,VI ,,,GR,Geoponica,Γεωπονικά,Géoponiques,Geoponica,http://data.bnf.fr/13179766/cassianus_bassus_geoponiques/,,,,,"Encyclopédie byzantine du xe siècle en vingt livres : compilation en grec sur l’agriculture (au sens large) rédigée par un anonyme, vraisemblablement sur l’ordre de l’empereur Constantin VII Porphyrogénète. Environ les quatre cinquièmes du corpus des Geoponica sont issus d’un traité du VIe siècle de Cassianus Bassus. Ce traité a pour source primaire une compilation réalisée au IVe siècle par Vindonius Anatolius de Béryte. Cette dernière à son tour était tirée de diverses sources, notamment Magon de Carthage, le pseudo-Démocrite, Pline l'Ancien, Julius Africanus. (Wikipedia)

",non,non,,,,,,,,,,,,,,,,1 (reference added),AZ,,,,,,,,
28,COLUMELLA,Antiquity,http://www.isni.org/isni/0000000120186322,Columelle,"Columella, Lucius Junius Moderatus",http://catalog.perseus.org/catalog/urn:cite:perseus:author.394,phi0845,4  - c. 70 ,,20 BC,LA,De re rustica,De re rustica,On agriculture,On agriculture,http://data.bnf.fr/12194464/columelle_de_l_agriculture/,http://data.perseus.org/catalog/urn:cts:latinLit:phi0845.phi002,,,technical,,http://data.perseus.org/texts/urn:cts:latinLit:phi0845.phi002.perseus-lat2,https://github.com/PerseusDL/canonical-latinLit/tree/master/data/phi0845/phi002,"Columella, Lucius Junius Moderatus. On Agriculture, vol.  2. / ed. E.S. Forster. Edward H. Heffner. London. Cambridge. William Heinemann; Harvard University, 1940-1954 (2 vol)",livre/ch/section,p (un par div),pb (pagination moderne),non,notes éditoriales,"Columella, Lucius Junius Moderatus. On Agriculture, Volume 2. E.S. Forster. Edward H. Heffner. London. Cambridge. William Heinemann; Harvard University. 1940-1954 (2 vol)",,,,,2 fichiers dans Perseus (1 par volume),partie : 12,,,2 (text added),AZ,,MS,Perseus,"Columella, Lucius Junius Moderatus. On Agriculture, vol.  2. / ed. E.S. Forster. Edward H. Heffner. London. Cambridge. William Heinemann; Harvard University, 1940-1954 (2 vol)",,,,
29,DIODORE,Antiquity,http://www.isni.org/isni/000000012020835X,Diodore de Sicile,Diodorus Siculus,http://catalog.perseus.org/catalog/urn:cite:perseus:author.488,tlg0060,I BC,,,GR,Bibliotheca historica,Βιβλιοθήκη ἱστορική,Bibliothèque historique,Historical library,http://data.bnf.fr/12008253/diodore_de_sicile_bibliotheque_historique/,http://data.perseus.org/catalog/urn:cts:greekLit:tlg0060.tlg001,,,history,,http://data.perseus.org/texts/urn:cts:greekLit:tlg0060.tlg001.perseus-grc3,https://github.com/PerseusDL/canonical-greekLit/tree/master/data/tlg0060/tlg001,"Diodori Bibliotheca Historica, Vol 1-2./ Immanel Bekker. Ludwig Dindorf. Friedrich Vogel. Kurt Theodor Fischer. in aedibus B. G. Teubneri. Leipzig. 1888-1890 (livre 1-5)
Diodori Bibliotheca Historica, Vol 4-5. / Immanel Bekker. Ludwig Dindorf. Friedrich Vogel. Kurt Theodor Fischer. in aedibus B. G. Teubneri. Leipzig. 1903-1906 (livre 18-20)
Diodorus of Sicily in Twelve Volumes with an English / Translation by C. H. Oldfather. Vol. 4-8. Cambridge, Mass.: Harvard University Press; London: William Heinemann, Ltd. (livre 11-17)",livre/ch/section,p (un par div),pb (pagination moderne),non,,"Diodori Bibliotheca Historica, Vol 1-2. Diodorus Siculus. Immanel Bekker. Ludwig Dindorf. Friedrich Vogel. Kurt Theodor Fischer. in aedibus B. G. Teubneri. Leipzig. 1888-1890 (livre 1-5)
Diodori Bibliotheca Historica, Vol 4-5. Diodorus Siculus. Immanel Bekker. Ludwig Dindorf. Friedrich Vogel. Kurt Theodor Fischer. in aedibus B. G. Teubneri. Leipzig. 1903-1906 (livre 18-20)
Diodorus of Sicily in Twelve Volumes with an English Translation by C. H. Oldfather. Vol. 4-8. Cambridge, Mass.: Harvard University Press; London: William Heinemann, Ltd. (livre 11-17)",,,,,lacunaire dans Perseus (manque livres 6-10),1.83-87,,,2 (text added),AZ,,MS,Perseus,"Diodori Bibliotheca Historica, Vol 1-2./ Immanel Bekker. Ludwig Dindorf. Friedrich Vogel. Kurt Theodor Fischer. in aedibus B. G. Teubneri. Leipzig. 1888-1890 (livre 1-5)
Diodori Bibliotheca Historica, Vol 4-5. / Immanel Bekker. Ludwig Dindorf. Friedrich Vogel. Kurt Theodor Fischer. in aedibus B. G. Teubneri. Leipzig. 1903-1906 (livre 18-20)
Diodorus of Sicily in Twelve Volumes with an English / Translation by C. H. Oldfather. Vol. 4-8. Cambridge, Mass.: Harvard University Press; London: William Heinemann, Ltd. (livre 11-17)",,,,
30,ESOPUS,Antiquity,http://www.isni.org/isni/0000000390082566,Ésope,Aesop,http://catalog.perseus.org/catalog/urn:cite:perseus:author.35,tlg0096,c. 620 BC - 564 BC,,,GR,Fabulae,Μῦθοι,Fables,Fables,http://data.bnf.fr/12011874/esope_fables/,http://data.perseus.org/catalog/urn:cts:greekLit:tlg0096.tlg002,,,literature,,non,https://github.com/OpenGreekAndLatin/First1KGreek/tree/master/data/tlg0096/tlg002,"Fabulae Aesopicae Collectae / ed. Caroli Halmii. Lipsiae : B. G. Teubneri, 1872",livre,p (plusieurs par div),pb et lb (plusieurs niveaux),,,,,,,,,,,,2 (text added),AZ,,MS,OpenGreekAndLatin,"Fabulae Aesopicae Collectae / ed. Caroli Halmii. Lipsiae : B. G. Teubneri, 1872",,,,
31,EUCHERIUS ,"Antiquity (late, christian)",http://www.isni.org/isni/0000000121433401,Eucher de Lyon,Eucherius,http://catalog.perseus.org/catalog/urn:cite:perseus:author.1691,stoa0117,370  - 449 ,,,LA,Formulae spiritalis intellegentiae ,Formulae spiritalis intellegentiae ,Formulae spiritalis intellegentiae ,Formulae spiritalis intellegentiae ,,http://data.perseus.org/catalog/urn:cts:latinLit:stoa0117.stoa002,C. Mandolfo. Brepols. 2004,,religious,,non,non,,,,,,,,,Brepols,rtf,autorisation Brepols ?,,chap. IV,,,1 (reference added),AZ,,,,,,,,14/12/14
32,GALENUS,Antiquity,http://www.isni.org/0000000121302401,Galien,Galen,http://catalog.perseus.org/catalog/urn:cite:perseus:author.649,tlg0057,129  - c. 200 ,,,GR,De naturalibus facultatibus,Περὶ φυσικῶν δυνάμεων,Sur les facultés naturelles,On the naturals faculties,http://data.bnf.fr/12118443/claude_galien_des_facultes_naturelles/,http://data.perseus.org/catalog/urn:cts:greekLit:tlg0057.tlg010,,,medical,,http://data.perseus.org/texts/urn:cts:greekLit:tlg0057.tlg010.perseus-grc1,https://github.com/PerseusDL/canonical-greekLit/tree/master/data/tlg0057/tlg010,"On the Natural Faculties / Galen, ed. A.J. Brock. Cambridge, MA : Harvard University Press, 1916",livre/section,p (phrases),pb (pagination moderne),non,,"On the Natural Faculties. Galen. A.J. Brock. Cambridge, Mass. Harvard University Press. 1916",,,,,,partie,,,2 (text added),AZ,,MS,Perseus,"On the Natural Faculties / Galen, ed. A.J. Brock. Cambridge, MA : Harvard University Press, 1916",,,,
33,GRATTIUS ,Antiquity,http://www.isni.org/isni/000000037130774X,Grattius Faliscus,Grattius Faliscus,http://catalog.perseus.org/catalog/urn:cite:perseus:author.678,phi0887,I BC - I ,,,LA,Cynegetica,Cynegetica,Cynegetica,Cynegetica,,http://data.perseus.org/catalog/urn:cts:latinLit:phi0887.phi001,,,technical,,non,non,,,,,,,,http://penelope.uchicago.edu/Thayer/L/Roman/Texts/Grattius/Cynegeticon*.html,,,,,,,,1 (reference added),AZ,,,,,,,,
34,HERODOTUS,Antiquity,http://www.isni.org/isni/0000000123530133,Hérodote,Herodotus,http://catalog.perseus.org/catalog/urn:cite:perseus:author.728,tlg0016,c. 484 BC - c. 425 BC,,,GR,Historiae,Ἱστορία,Histoires,History,http://data.bnf.fr/12008360/herodote_histoires/,http://data.perseus.org/catalog/urn:cts:greekLit:tlg0016.tlg001,,,history,,http://data.perseus.org/texts/urn:cts:greekLit:tlg0016.tlg001.perseus-grc1,https://github.com/PerseusDL/canonical-greekLit/tree/master/data/tlg0016/tlg001,"Herodotus, with an English translation / by A. D. Godley. Cambridge : Harvard University Press, 1920",livre/ch/section,p (un par div),milestone (paragraphe),oui (livre/ch/section),,"Herodotus, with an English translation by A. D. Godley. Cambridge. Harvard University Press. 1920",,,,,,"II.65-73, etc.",,,2 (text added),AZ,,MS,Perseus,"Herodotus, with an English translation / by A. D. Godley. Cambridge : Harvard University Press, 1920",,,,
35,HESIODUS,Antiquity,http://www.isni.org/isni/0000000120793528,Hésiode,Hesiod,http://catalog.perseus.org/catalog/urn:cite:perseus:author.729,tlg0020,VIII-VII BC,,,GR,Opera & Dies,"Ἔργα καὶ ἡμέραι
",Les travaux et les jours,Works and Days,http://data.bnf.fr/12258920/hesiode_les_travaux_et_les_jours/,http://data.perseus.org/catalog/urn:cts:greekLit:tlg0020.tlg002,,,poetry,,http://data.perseus.org/texts/urn:cts:greekLit:tlg0020.tlg002.perseus-grc1,https://github.com/PerseusDL/canonical-greekLit/tree/master/data/tlg0020/tlg002,"The Homeric Hymns and Homerica ; Works and Days / Hesiod, with an English Translation by Hugh G. Evelyn-White.  Cambridge, MA :,Harvard University Press; London, William Heinemann Ltd, 1914",lignes,,milestone (paragraphe ; groupes de 10 lignes),oui (lignes),,"Hesiod. The Homeric Hymns and Homerica with an English Translation by Hugh G. Evelyn-White. Works and Days. Cambridge, MA.,Harvard University Press; London, William Heinemann Ltd. 1914",,,,,,partie,,,2 (text added),AZ,,MS,Perseus,"The Homeric Hymns and Homerica ; Works and Days / Hesiod, with an English Translation by Hugh G. Evelyn-White.  Cambridge, MA :,Harvard University Press; London, William Heinemann Ltd, 1914",,,,
36,HIEROCLES,Antiquity,,,,,non,300 – 400,,,GR,Hippiatrica,,,,,,,,,Dans le Corpus hippiatricorum graecorum,,non,,,,,,,,,,,,,,,,1 (reference added),AZ,,,,,,,,
37,HIPPOCRATES,Antiquity,http://www.isni.org/isni/0000000435238545,Hippocrate,Hippocrates,http://catalog.perseus.org/catalog/urn:cite:perseus:author.739,tlg0627,c. 460 BC - c. 370 BC,,,GR,De diaeta acutorum,Περὶ διαίτης ὀξέω,Du régime des maladies aiguës,On Regim,http://data.bnf.fr/14999987/hippocrate_du_regime_des_maladies_aigues/,http://data.perseus.org/catalog/urn:cts:greekLit:tlg0627.tlg005,,,medical,,http://data.perseus.org/texts/urn:cts:greekLit:tlg0627.tlg005.perseus-grc1,https://github.com/PerseusDL/canonical-greekLit/tree/master/data/tlg0627/tlg005,Oeuvres Completes D'Hippocrate / ed. A. Littre. Amsterdam : Adolf M. Hakkert,section,p (phrases),pb (pagination moderne),non,,Oeuvres Completes D'Hippocrate. Hippocrates. A. Littre. Amsterdam. Adolf M. Hakkert,,,,,,,,,2 (text added),AZ,,MS,Perseus,Oeuvres Completes D'Hippocrate / ed. A. Littre. Amsterdam : Adolf M. Hakkert,,,,
38,ISIDORUS HISPALENSIS,"Antiquity (late, christian)",http://www.isni.org/isni/0000000122756296,Isidore de Séville,Isidorus of Seville,http://catalog.perseus.org/catalog/urn:cite:perseus:author.771,stoa0159,560  - 636 ,,c. 630,LA,Etymologiae,Etymologiae,Étymologies,Etymologies,http://data.bnf.fr/13179089/isidore_de_seville_etymologies/,http://data.perseus.org/catalog/urn:cts:latinLit:stoa0159.stoa004,,,encyclopedia,,non,non,,,,,,,,http://penelope.uchicago.edu/Thayer/e/roman/texts/isidore/home.html,,,,,book 12,,,1 (reference added),AZ,,,,,,,,
39,LUCIANUS SAMOSATENSIS,Antiquity,http://www.isni.org/isni/0000000120187026,Lucien de Samosate,Lucian of Samosata,http://catalog.perseus.org/catalog/urn:cite:perseus:author.848,tlg0062,c. 120  - c. 180 ,,,GR,Dipsades,,Sur les dipsades,Dipsads,,http://data.perseus.org/catalog/urn:cts:greekLit:tlg0062.tlg054,,,literature,,http://data.perseus.org/texts/urn:cts:greekLit:tlg0062.tlg054.perseus-grc1,https://github.com/PerseusDL/canonical-greekLit/tree/master/data/tlg0062/tlg054,"Luciani Samosatensis Opera, Vol III / ed. Karl Jacobitz. Leipzig : in aedibus B. G. Teubneri, 1896",section,p (un par div),pb (pagination moderne),non,citations,"Luciani Samosatensis Opera, Vol III. Lucian. Karl Jacobitz. in aedibus B. G. Teubneri. Leipzig. 1896",,,,,,,,,2 (text added),AZ,,MS,Perseus,"Luciani Samosatensis Opera, Vol III / ed. Karl Jacobitz. Leipzig : in aedibus B. G. Teubneri, 1896",,,,
40,LUCIANUS SAMOSATENSIS,Antiquity,http://www.isni.org/isni/0000000120187026,Lucien de Samosate,Lucian of Samosata,http://catalog.perseus.org/catalog/urn:cite:perseus:author.848,tlg0062,c. 120  - c. 180 ,,,GR,De sacrificiis,,Sur les sacrifices,On sacrifices,,http://data.perseus.org/catalog/urn:cts:greekLit:tlg0062.tlg027,,,literature,,http://data.perseus.org/texts/urn:cts:greekLit:tlg0062.tlg027.perseus-grc1,https://github.com/PerseusDL/canonical-greekLit/tree/master/data/tlg0062/tlg027,"Luciani Samosatensis Opera, Vol III / Karl Jacobitz. in aedibus B. G. Teubneri. Leipzig, 1896
Ou
Lucian, Works with an English Translation by A. M. Harmon. Cambridge, MA. Harvard University Press, 1921, vol. 3",section,,,non,,"Luciani Samosatensis Opera, Vol III. Lucian. Karl Jacobitz. in aedibus B. G. Teubneri. Leipzig. 1896
Ou
Lucian, Works with an English Translation by A. M. Harmon. Cambridge, MA. Harvard University Press, 1921, vol. 3",,,,,2 fichiers dans Perseus,—,,,2 (text added),AZ,,MS,Perseus,"Luciani Samosatensis Opera, Vol III / Karl Jacobitz. in aedibus B. G. Teubneri. Leipzig, 1896
Ou
Lucian, Works with an English Translation by A. M. Harmon. Cambridge, MA. Harvard University Press, 1921, vol. 3",,,,
41,"NEMESIANUS, MARCUS AURELIUS OLYMPUS",Antiquity,http://www.isni.org/isni/0000000081223863,Némesien,"Nemesianus, Marcus Aurelius Olympius",http://catalog.perseus.org/catalog/urn:cite:perseus:author.965,stoa0209,III ,,284,LA,Cynegetica,,Les cynégétiques,,http://data.bnf.fr/16904819/nemesien_les_cynegetiques/,http://data.perseus.org/catalog/urn:cts:latinLit:stoa0209.stoa002,,,,"Poème sur la chasse en 325 vers, dont il ne reste que l'introduction et la partie sur l'équipement nécessaire pour la chasse",non,non,,,,,,,,http://penelope.uchicago.edu/Thayer/L/Roman/Texts/Nemesianus/Cynegetica*.html,,,,,,,,1 (reference added),AZ,,,,,,,,
42,"NEMESIANUS, MARCUS AURELIUS OLYMPUS",Antiquity,http://www.isni.org/isni/0000000081223863,Némesien,"Nemesianus, Marcus Aurelius Olympius",http://catalog.perseus.org/catalog/urn:cite:perseus:author.965,stoa0209,III ,,,LA,De aucupio,,Sur la capture des oiseaux,On Bird-catching,,non,,,,,non,non,,,,,,,,http://penelope.uchicago.edu/Thayer/L/Roman/Texts/Nemesianus/de_Aucupio*.html,,,,,,,,1 (reference added),AZ,,,,,,,,
43,NICANDER COLOPHONIUS,Antiquity,http://www.isni.org/isni/0000000117505425,Nicandre de Colophon,Nicander of Colophon,http://catalog.perseus.org/catalog/urn:cite:perseus:author.974,tlg0022,II BC,,,GR,Theriaca,Θηριακά,Les thériaques,On Venomous Animals,http://data.bnf.fr/13188633/nicandre_de_colophon_les_theriaques/,http://data.perseus.org/catalog/urn:cts:greekLit:tlg0022.tlg002,,,,,non,non,,,,,,,,,,,,,,,,1 (reference added),AZ,,,,,,,,
44,OPPIANUS-1,Antiquity,http://www.isni.org/isni/0000000374059112,Oppien de Corycos,Oppian of Corycus,http://catalog.perseus.org/catalog/urn:cite:perseus:author.1015,tlg0023,-183,,,GR,Halieutica,῾Αλιευτικά,Halieutiques,Halieutica,http://data.bnf.fr/15118908/oppien_de_cilicie_halieutiques/,http://data.perseus.org/catalog/urn:cts:greekLit:tlg0023.tlg001,,,,,http://data.perseus.org/texts/urn:cts:greekLit:tlg0023.tlg001.perseus-grc1,https://github.com/PerseusDL/canonical-greekLit/tree/master/data/tlg0023/tlg001,"Oppian, Colluthus, Tryphiodorus / with an English Translation by A.W. Mair. London : William Heinemann, Ltd.; New York: G.P. Putnam's Sons, 1928",livre/vers,,,non,,"Oppian. A. W. Mair. Oppian, Colluthus, Tryphiodorus with an English Translation by A.W. Mair. London, William Heinemann, Ltd.; New York: G.P. Putnam's Sons. 1928",,,,,,complete,,,2 (text added),AZ,,MS,Perseus,"Oppian, Colluthus, Tryphiodorus / with an English Translation by A.W. Mair. London : William Heinemann, Ltd.; New York: G.P. Putnam's Sons, 1928",,,,
45,OPPIANUS-2,Antiquity,http://www.isni.org/isni/0000000094826743,Oppien d'Apamée,Oppian of Apamea,http://catalog.perseus.org/catalog/urn:cite:perseus:author.1016,tlg0024,III ,,,GR,Cynegetica,Κυνηγετικά,Cynégétique,Cynegetica,http://data.bnf.fr/14626755/oppien_de_syrie_cynegetique/,http://data.perseus.org/catalog/urn:cts:greekLit:tlg0024.tlg001,,,,,http://data.perseus.org/texts/urn:cts:greekLit:tlg0024.tlg001.perseus-grc1,https://github.com/PerseusDL/canonical-greekLit/tree/master/data/tlg0024/tlg001,"Oppian, Colluthus, Tryphiodorus / with an English Translation by A.W. Mair. London : William Heinemann, Ltd.; New York: G.P. Putnam's Sons, 1928",livre/vers,,,non,,"Oppian. A. W. Mair. Oppian, Colluthus, Tryphiodorus with an English Translation by A.W. Mair. London, William Heinemann, Ltd.; New York: G.P. Putnam's Sons. 1928",,,,,,complete,,,2 (text added),AZ,,MS,Perseus,"Oppian, Colluthus, Tryphiodorus / with an English Translation by A.W. Mair. London : William Heinemann, Ltd.; New York: G.P. Putnam's Sons, 1928",,,,
46,OVIDIUS,Antiquity,http://www.isni.org/isni/0000000121427757,Ovide,Ovidius,http://catalog.perseus.org/catalog/urn:cite:perseus:author.1018,stoa0216,43 BC - 17 ,,,LA,Halieutica,Halieutica,Halieutiques,Halieutica,http://data.bnf.fr/15122919/ovide_halieutiques/,http://data.perseus.org/catalog/urn:cts:latinLit:phi0959.phi014,,,,,non,non,,,,,,,,,,,,,,,,1 (reference added),AZ,,,,,,,,
47,PHAEDRUS,Antiquity,http://www.isni.org/isni/0000000118219332,Phèdre,Phaedrus,http://catalog.perseus.org/catalog/urn:cite:perseus:author.1068,phi0975,50 BC – 15,,,LA,Fabulae,Fabulae,Fables,Fables,http://data.bnf.fr/13320754/phedre_fables/,http://data.perseus.org/catalog/urn:cts:latinLit:phi0975.phi001,,,literature,,http://data.perseus.org/texts/urn:cts:latinLit:phi0975.phi001.perseus-lat1,https://github.com/PerseusDL/canonical-latinLit/tree/master/data/phi0975/phi001,"Fabulae Aesopiae. Phaedrus, Augusti libertus / ed. L. Mueller. Leipzig :  B. G. Teubner, 1876",livre/poeme,,,non,,"Fabulae Aesopiae. Phaedrus, Augusti libertus. L. Mueller. Leipzig. B. G. Teubner. 1876",,,,,,,,,2 (text added),AZ,,MS,Perseus,"Fabulae Aesopiae. Phaedrus, Augusti libertus / ed. L. Mueller. Leipzig :  B. G. Teubner, 1876",,,,
48,PHILO ALEXANDRINUS,Antiquity,http://www.isni.org/isni/0000000445046950,Philon d'Alexandrie,Philo of Alexandria,,non,c. 30 BC - c. 45 ,,,GR,De aeternitate mundi ,Περὶ ἀφθαρσίας κόσμου,Sur l'éternité du monde,On the eternity of the world,http://data.bnf.fr/13163878/philon_d_alexandrie_sur_l_eternite_du_monde/,non,,,religious,,non,https://github.com/OpenGreekAndLatin/First1KGreek/tree/master/data/tlg0018/tlg029,"Philonis Alexandrini Opera Quae Supersunt / ed. Leopoldus Cohn et Sigofredus Reiter. Berolini : Typis et Impensis Georgii Reimeri, 1915. vol. VI",chapitre,p (plusieurs par div),pb et lb ; milestones altref et altpage,,notes éditoriales,,,,,,,partie,,,2 (text added),AZ,,MS,OpenGreekAndLatin,"Philonis Alexandrini Opera Quae Supersunt / ed. Leopoldus Cohn et Sigofredus Reiter. Berolini : Typis et Impensis Georgii Reimeri, 1915. vol. VI",,,,
49,PHILO ALEXANDRINUS,Antiquity,http://www.isni.org/isni/0000000445046950,Philon d'Alexandrie,Philo of Alexandria,,non,c. 30 BC - c. 45 ,,,GR,De agricultura,περί γεωργίας,Sur l’agriculture,On husbandry,,non,,,religious,,non,https://github.com/OpenGreekAndLatin/First1KGreek/tree/master/data/tlg0018/tlg009,"Philonis Alexandrini Opera Quae Supersunt / ed. Paul Wendland. Berolini : Typis et Impensis Georgii Reimeri, 1897. vol. II",,,,,,,,,,,,partie,,,2 (text added),AZ,,MS,OpenGreekAndLatin,"Philonis Alexandrini Opera Quae Supersunt / ed. Paul Wendland. Berolini : Typis et Impensis Georgii Reimeri, 1897. vol. II",,,,
50,PHILO ALEXANDRINUS,Antiquity,http://www.isni.org/isni/0000000445046950,Philon d'Alexandrie,Philo of Alexandria,,non,c. 30 BC - c. 45 ,,,GR,De plantatione,Περι Φυτουργιας Νωε Το Δευτερον,Sur l’oeuvre de Noé comme planteur,Concerning Noah's Work as a Planter,,non,,,religious,,non,https://github.com/OpenGreekAndLatin/First1KGreek/tree/master/data/tlg0018/tlg010,"Philonis Alexandrini Opera Quae Supersunt / ed. Paul Wendland. Berolini : Typis et Impensis Georgii Reimeri, 1897. vol. II",,,,,,,,,,,,partie,,,2 (text added),AZ,,MS,OpenGreekAndLatin,"Philonis Alexandrini Opera Quae Supersunt / ed. Paul Wendland. Berolini : Typis et Impensis Georgii Reimeri, 1897. vol. II",,,,
51,PHILO ALEXANDRINUS,Antiquity,http://www.isni.org/isni/0000000445046950,Philon d'Alexandrie,Philo of Alexandria,,non,c. 30 BC - c. 45 ,,,GR,De somniis,Περὶ τοῦ θεοπέμπτους εἴναι τοὺς ὀνείρους,Des songes,On dreams,http://data.bnf.fr/13163887/philon_d_alexandrie_des_songes/,non,,,religious,"Appartient à un ensemble de commentaires du Pentateuque, plus particulièrement au Commentaire allégorique de la loi",non,https://github.com/OpenGreekAndLatin/First1KGreek/tree/master/data/tlg0018/tlg019,"Philonis Alexandrini Opera Quae Supersunt / ed. Paul Wendland. Berolini : Typis et Impensis Georgii Reimeri, 1897. vol. III",,,,,,,,,,,,partie,,,2 (text added),AZ,,MS,OpenGreekAndLatin,"Philonis Alexandrini Opera Quae Supersunt / ed. Paul Wendland. Berolini : Typis et Impensis Georgii Reimeri, 1897. vol. III",,,,
52,PHILON,Antiquity,,,,,non,,,,AR,,,,,,,,,,,œuvre a preciser,,,,,,,,,,,,,,,,,0 (to be precised),AZ,,,,,,,,
53,PHILOUMENOS,Antiquity,,,,,non,,,,GR,,,,,,,,,,,œuvre a preciser,,,,,,,,,,,,,,,,,0 (to be precised),AZ,,,,,,,,
54,PHYSIOLOGUS-G-I,Middle-Age,,,,,non,100 – 400,,,GR,Physiologus,Physiologus,Physiologus,Physiologus,http://data.bnf.fr/12011614/physiologue/,,,,encyclopedia,"Sorte de manuel d'histoire naturelle composé en grec entre le IIe et le IVe s. Différentes versions en latin, éthiopien, copte, syriaque, arabe, arménie, langues slaves, moyen haut allemand, moyen anglais.",non,non,,,,,,,,,,,,,,,,1 (reference added),AZ,,,,,,,,
55,PHYSIOLOGUS-G-II,Middle-Age,,,,,non,100 – 400,,,GR,Physiologus,Physiologus,Physiologus,Physiologus,http://data.bnf.fr/12011614/physiologue/,,,,encyclopedia,,non,non,,,,,,,,,,,,,,,,1 (reference added),AZ,,,,,,,,
56,PHYSIOLOGUS-G-III,Middle-Age,,,,,non,100 – 400,,,GR,Physiologus,Physiologus,Physiologus,Physiologus,http://data.bnf.fr/12011614/physiologue/,,,,encyclopedia,,non,non,,,,,,,,,,,,,,,,1 (reference added),AZ,,,,,,,,
57,PHYSIOLOGUS-L-A,Middle-Age,,,,,non,100 – 400,,,LA,Physiologus,Physiologus,Physiologus,Physiologus,http://data.bnf.fr/12011614/physiologue/,,,,encyclopedia,,non,non,,,,,,,,,,,,,,,,1 (reference added),AZ,,,,,,,,
58,PHYSIOLOGUS-L-B,Middle-Age,,,,,non,100 – 400,,,LA,Physiologus,Physiologus,Physiologus,Physiologus,http://data.bnf.fr/12011614/physiologue/,,,,encyclopedia,,non,non,,,,,,,,,,,,,,,,1 (reference added),AZ,,,,,,,,
59,PHYSIOLOGUS-L-C,Middle-Age,,,,,non,100 – 400,,,LA,Physiologus,Physiologus,Physiologus,Physiologus,http://data.bnf.fr/12011614/physiologue/,,,,encyclopedia,,non,non,,,,,,,,,,,,,,,,1 (reference added),AZ,,,,,,,,
60,PHYSIOLOGUS-L-Y,Middle-Age,,,,,non,100 – 400,,,LA,Physiologus,Physiologus,Physiologus,Physiologus,http://data.bnf.fr/12011614/physiologue/,,,,encyclopedia,,non,non,,,,,,,,,,,,,,,,1 (reference added),AZ,,,,,,,,
61,PLATO,Antiquity,http://isni.org/isni/0000000120967858,Platon,Plato,http://catalog.perseus.org/catalog/urn:cite:perseus:author.1137,tlg0059,428 BC - 348 BC,,c. 360 AD,GR,Timaeus,Τίμαιος,Timée,Timaeus,http://data.bnf.fr/12010394/platon_timee/,http://data.perseus.org/catalog/urn:cts:greekLit:tlg0059.tlg031,,,philosophy,,http://data.perseus.org/texts/urn:cts:greekLit:tlg0059.tlg031.perseus-grc1,https://github.com/PerseusDL/canonical-greekLit/tree/master/data/tlg0059/tlg031,"Platonis Opera / ed. John Burnet. Oxford : Oxford University Press, 1903",texte/section,,,non,,"Plato. Platonis Opera, ed. John Burnet. Oxford University Press. 1903",,,,,,partie,,,2 (text added),AZ,,MS,Perseus,"Platonis Opera / ed. John Burnet. Oxford : Oxford University Press, 1903",,,,
62,PLINIUS MAJOR,Antiquity,http://www.isni.org/isni/0000000123213947,Pline l'Ancien,Pliny the Elder,http://catalog.perseus.org/catalog/urn:cite:perseus:author.1141,phi0978,23 BC -79 ,,c. 70 AD,LA,Naturalis Historia,Naturalis Historia,Histoire naturelle,Natural history,http://data.bnf.fr/12011602/pline_l_ancien_histoire_naturelle/,http://data.perseus.org/catalog/urn:cts:latinLit:phi0978.phi001,,,encyclopedia,,http://data.perseus.org/texts/urn:cts:latinLit:phi0978.phi001.perseus-lat1,https://github.com/PerseusDL/canonical-latinLit/tree/master/data/phi0978/phi001,"Naturalis Historia / Pliny the Elder, ed. Karl Friedrich Theodor Mayhoff. Lipsiae : Teubner, 1906",livre/chapitre,,,oui,,Naturalis Historia. Pliny the Elder. Karl Friedrich Theodor Mayhoff. Lipsiae. Teubner. 1906,,,,,,"books 8-11, 28-30, 32",,,3 (annotation),AZ,,,Perseus,"Naturalis Historia / Pliny the Elder, ed. Karl Friedrich Theodor Mayhoff. Lipsiae : Teubner, 1906",,,doctorante CEPAM,
63,PLUTARCHUS,Antiquity,http://www.isni.org/isni/000000036386663X,Plutarque,Plutarch,http://catalog.perseus.org/catalog/urn:cite:perseus:author.1144,tlg0007,c. 46  - 120 ,,,GR,De amore prolis,Περί της εις τα έγγονα φιλοστοργίας,De l’amour de la progéniture,On affection for offsprings,,http://data.perseus.org/catalog/urn:cts:greekLit:tlg0007.tlg098,,,philosophy,,http://data.perseus.org/texts/urn:cts:greekLit:tlg0007.tlg098.perseus-grc1,https://github.com/PerseusDL/canonical-greekLit/tree/master/data/tlg0007/tlg098,"Moralia / Plutarch, ed. Gregorius N. Bernardakis. Leipzig : Teubner, 1891. vol. 3",stephpage,,,non,,Plutarch. Moralia. Gregorius N. Bernardakis. Leipzig. Teubner. 1891. 3,,,,,,Moralia.493A-497E,,,2 (text added),AZ,,MS,Perseus,"Moralia / Plutarch, ed. Gregorius N. Bernardakis. Leipzig : Teubner, 1891. vol. 3",,,,
64,PLUTARCHUS,Antiquity,http://www.isni.org/isni/000000036386663X,Plutarque,Plutarch,http://catalog.perseus.org/catalog/urn:cite:perseus:author.1144,tlg0007,c. 46  - 120 ,,,GR,Quaestiones Naturales,Αίτια φυσικά,Questions naturelles,Causes of natural phenomena,,http://data.perseus.org/catalog/urn:cts:greekLit:tlg0007.tlg125,,,philosophy,,http://data.perseus.org/texts/urn:cts:greekLit:tlg0007.tlg125.perseus-grc1,https://github.com/PerseusDL/canonical-greekLit/tree/master/data/tlg0007/tlg125,"Moralia / Plutarch, ed. Gregorius N. Bernardakis. Leipzig : Teubner, 1893. vol. 5",stephpage,,,non,,,,,,,,Moralia. 911C-919E ,,& 8 additional questions (Longolius),2 (text added),AZ,,MS,Perseus,"Moralia / Plutarch, ed. Gregorius N. Bernardakis. Leipzig : Teubner, 1893. vol. 5",,,,
65,PLUTARCHUS,Antiquity,http://www.isni.org/isni/000000036386663X,Plutarque,Plutarch,http://catalog.perseus.org/catalog/urn:cite:perseus:author.1144,tlg0007,c. 46  - 120 ,,,GR,De sollertia animalium,Πότερα τῶν ζῴων φρονιμώτερα τὰ χερσαῖα ἢ τὰ ἔνυδρα,L'intelligence des animaux,Whether Land or Sea Animals Are Cleverer,http://data.bnf.fr/12262323/plutarque_l_intelligence_des_animaux/,http://data.perseus.org/catalog/urn:cts:greekLit:tlg0007.tlg129,,,philosophy,,http://data.perseus.org/texts/urn:cts:greekLit:tlg0007.tlg129.perseus-grc1,https://github.com/PerseusDL/canonical-greekLit/tree/master/data/tlg0007/tlg129,"Moralia / Plutarch, ed. Gregorius N. Bernardakis. Leipzig : Teubner, 1895. vol. 6",stephpage,,,non,,,,,,,,Moralia. 959B-985C,,,2 (text added),AZ,,MS,Perseus,"Moralia / Plutarch, ed. Gregorius N. Bernardakis. Leipzig : Teubner, 1895. vol. 6",,,,
66,PLUTARCHUS,Antiquity,http://www.isni.org/isni/000000036386663X,Plutarque,Plutarch,http://catalog.perseus.org/catalog/urn:cite:perseus:author.1144,tlg0007,c. 46  - 120 ,,,GR,Bruta animalia ratione uti,Περὶ τοῦ τὰ ἄλογα λόγῳ χρῆσθαι,Que les bêtes ont l'usage de la raison,Beasts are rationals,http://data.bnf.fr/12262313/plutarque_que_les_betes_ont_l_usage_de_la_raison/,http://data.perseus.org/catalog/urn:cts:greekLit:tlg0007.tlg130,,,philosophy,,http://data.perseus.org/texts/urn:cts:greekLit:tlg0007.tlg130.perseus-grc1,https://github.com/PerseusDL/canonical-greekLit/tree/master/data/tlg0007/tlg130,"Moralia / Plutarch, ed. Gregorius N. Bernardakis. Leipzig : Teubner, 1895. vol. 6",stephpage,,,non,,,,,,,,Moralia. 985D-992E,,,2 (text added),AZ,,MS,Perseus,"Moralia / Plutarch, ed. Gregorius N. Bernardakis. Leipzig : Teubner, 1895. vol. 6",,,,
67,PLUTARCHUS,Antiquity,http://www.isni.org/isni/000000036386663X,Plutarque,Plutarch,http://catalog.perseus.org/catalog/urn:cite:perseus:author.1144,tlg0007,c. 46  - 120 ,,,GR,De esu carnium,Περὶ σαρκροφαγίας,Sur la consommation de viande,The eating of flesh,http://data.bnf.fr/12262308/plutarque_de_esu_carnium/,http://data.perseus.org/catalog/urn:cts:greekLit:tlg0007.tlg132,,,philosophy,,http://data.perseus.org/texts/urn:cts:greekLit:tlg0007.tlg132.perseus-grc1,https://github.com/PerseusDL/canonical-greekLit/tree/master/data/tlg0007/tlg132,"Moralia / Plutarch, ed. Gregorius N. Bernardakis. Leipzig : Teubner, 1895. vol. 6",stephpage,,,non,,Plutarch. Moralia. Gregorius N. Bernardakis. Leipzig. Teubner. 1895. 6,,,,,,Moralia. 993A-999B,,,2 (text added),AZ,,MS,Perseus,"Moralia / Plutarch, ed. Gregorius N. Bernardakis. Leipzig : Teubner, 1895. vol. 6",,,,
68,PORPHYRIUS,Antiquity,http://www.isni.org/isni/0000000115762188,Porphyre de Tyr,Porphyry,http://catalog.perseus.org/catalog/urn:cite:perseus:author.1170,tlg2034,c. 234  - c. 305 ,,,GR,De Abstinentia,Περὶ ἀποχῆς τῶν ἐμψύχων,Sur l'abstinence de la chair des animaux,On Abstinence from Animal Food,http://data.bnf.fr/12008472/porphyre_de_l_abstinence/,http://data.perseus.org/catalog/urn:cts:greekLit:tlg2034.tlg003,,,,,non,non,,,,,,,,,,,,,,,,1 (reference added),AZ,,,,,,,,
69,PS-DIOSCORIDE,Antiquity,,Dioscoride (Pseudo),Dioscoride (Pseudo),,,,,,GR,,,,,,,,,,,œuvre a preciser,,,,,,,,,,,,,,,,,0 (to be precised),AZ,,,,,,,,
70,PS. DENYS,Antiquity,,Dionysius Periegetes (pseudo),Dionysius Periegetes (pseudo),http://catalog.perseus.org/catalog/urn:cite:perseus:author.505,tlg0084,fl. 120,,,GR,Ixeutica,Ἰξευτικά,Ixeuticon,Paraphrases on Bird-catching,http://data.bnf.fr/13320863/ixeuticon/,http://data.perseus.org/catalog/urn:cts:greekLit:tlg0084.tlg003,,,,"Ouvrage en 3 livres sur la chasse aux oiseaux qui serait une paraphrase en prose d'""Ixeutika"", oeuvre non conservée d'Oppien de Syrie sur la capture des oiseaux.",non,non,,,,,,,,,,,,,,,,1 (reference added),AZ,,,,,,,,
71,SEMONIDES AMORGINUS,Antiquity,http://www.isni.org/isni/000000006595464X,Sémonide d'Amorgos,Semonides of Amorgos,http://catalog.perseus.org/catalog/urn:cite:perseus:author.1267,tlg0260,VII BC,,,GR,Iamboi,,Iambes,Iambs,,http://data.perseus.org/catalog/urn:cts:greekLit:tlg0260.tlg001,,,poetry,"œuvre perdue à part des  fragments. Poème sur les femmes conservé par Stobée (Florilège, IV, 22, 193) : compare les femmes à des animaux",non,non,,,,,,,,,,,,,Poème 7 (les femmes),,,1 (reference added),AZ,,,,,,,,
72,STRABO,Antiquity,http://www.isni.org/isni/0000000355646565,Strabon,Strabo,http://catalog.perseus.org/catalog/urn:cite:perseus:author.1333,tlg0099,64 BC - c. 24 ,,,GR,Geographica,Γεωγραφικά,Géographie,Geography,http://data.bnf.fr/12194250/strabon_geographie/,http://data.perseus.org/catalog/urn:cts:greekLit:tlg0099.tlg001,,,geography,,http://data.perseus.org/texts/urn:cts:greekLit:tlg0099.tlg001.perseus-grc1,https://github.com/PerseusDL/canonical-greekLit/tree/master/data/tlg0099/tlg001,"Geographica / Strabo, ed. A. Meineke. Leipzig: Teubner, 1877",livre/ch/section,,,non,,"Strabo. ed. A. Meineke, Geographica. Leipzig: Teubner. 1877",,,,,,"17.1.19, 31, 38-40, 49 ; 17.2.4",,,2 (text added),AZ,,MS,Perseus,"Geographica / Strabo, ed. A. Meineke. Leipzig: Teubner, 1877",,,,
73,STRATO LAMPSACENUS,Antiquity,http://www.isni.org/isni/0000000403614323,Straton de Lampsaque,Straton of Lampsacus,http://catalog.perseus.org/catalog/urn:cite:perseus:author.1335,tlg1696,338 BC - c. 269 BC,,,GR,,,,,,,,,,,œuvre a preciser,,,,,,,,,,,,,,,,,0 (to be precised),AZ,,,,,,,,
74,THEOMNESTOS,Antiquity,,Théomnestos,Theomnestos,,,c. 300 – c. 350,,,GR,Hippiatrica,Hippiatrica,Hippiatrica,Hippiatrica,,,,,,Dans le Corpus hippiatricorum graecorum,œuvre a preciser,,,,,,,,,,,,,,,,,0 (to be precised),AZ,,,,,,,,
75,THEOPHRASTUS,Antiquity,http://www.isni.org/isni/0000000398650994,Théophraste,Theophrastus,http://catalog.perseus.org/catalog/urn:cite:perseus:author.1394,tlg0093,c. 371 BC - c. 287 BC,,,GR,De Signis Tempestum,,On wheather signs,On wheather signs,,http://data.perseus.org/catalog/urn:cts:greekLit:tlg0093.tlg010x03,,,philosophy,,œuvre a preciser,non,,,,,,,,http://penelope.uchicago.edu/Thayer/H/Roman/Texts/Theophrastus/De_signis*.html,,,,,partie,,,1 (reference added),AZ,,,,,,,,
76,THOMAS ,Antiquity,,,,,,,,,LA,,,,,,,,,,,œuvre a preciser,,,,,,,,,,,,,,,,,0 (to be precised),AZ,,,,,,,,
77,TIMOTHEUS GAZAEUS,"Antiquity (late, christian)",,Thimothée de Gaza,Timotheus Gazaeus,,non,fl. 590 – 620,,,GR,Peri zôôn,Περὶ ζώων,Sur les animaux,On animals,,,,,,"Traité zoologique composé au tournant du Ve et du VIe siècle. Connu par des fragments repris dans des compilations médiévales byzantines (Syllogé Constantini au Xe siècle) et arabes, et par un épitomé byzantin du XIe siècle. cf. https://rursus.revues.org/971",non,non,,,,,,,,,,,,,,,,1 (reference added),AZ,,,,,,,,
78,VARRO,Antiquity,http://www.isni.org/isni/0000000121452047,Varron,Varro,http://catalog.perseus.org/catalog/urn:cite:perseus:author.1455,phi0684,116 BC - 27 BC,,27 BC,LA,De re rustica,De re rustica,L’économie rurale,On agriculture,http://data.bnf.fr/12008401/varron_l_economie_rurale/,http://data.perseus.org/catalog/urn:cts:latinLit:phi0684.phi002,,,technical,,non,non,,,,,,,,http://penelope.uchicago.edu/Thayer/L/Roman/Texts/Varro/de_Re_Rustica/1*.html,,,,,,,,1 (reference added),AZ,,,,,,,,
79,VINCENTIUS BELVACENSIS ,Middle-Age,http://www.isni.org/isni/0000000120967874,Vincent de Beauvais,Vincent of Beauvais,,non,c. 1184/1194 – 1264,,1257,LA,Speculum naturale,Speculum naturale,Speculum naturale,Speculum naturale,http://data.bnf.fr/12148950/vincent_de_beauvais_speculum_majus/,,,,encyclopedia,,non,non,,,,,,,,"http://sourcencyme.irht.cnrs.fr/encyclopedie/voir/133
",,,,,,,,1 (reference added),AZ,,,,,,,,
80,XENOPHON,Antiquity,http://www.isni.org/isni/0000000123212506,Xénophon,Xenophon,http://catalog.perseus.org/catalog/urn:cite:perseus:author.1499,tlg0032,c. 430 BC - 354 BC,,,GR,Oeconomicus,Οἰκονομικός,Économique,Economics,http://data.bnf.fr/12320555/xenophon_economique/,http://data.perseus.org/catalog/urn:cts:greekLit:tlg0032.tlg003,,,technical,,http://data.perseus.org/texts/urn:cts:greekLit:tlg0032.tlg003.perseus-grc1,https://github.com/PerseusDL/canonical-greekLit/tree/master/data/tlg0032/tlg003,02/02/21,livre/ch/section,,,non,,02/02/21,,,,,,partie,,,2 (text added),AZ,,MS,Perseus,02/02/21,,,,
81,XENOPHON,Antiquity,http://www.isni.org/isni/0000000123212506,Xénophon,Xenophon,http://catalog.perseus.org/catalog/urn:cite:perseus:author.1499,tlg0032,c. 430 BC - 354 BC,,,GR,Hipparchicus,Ἱππαρχικός,Le commandant de la cavalerie,The Cavalry commander,http://data.bnf.fr/12320510/xenophon_le_commandant_de_la_cavalerie/,http://data.perseus.org/catalog/urn:cts:greekLit:tlg0032.tlg012,,,technical,,http://data.perseus.org/texts/urn:cts:greekLit:tlg0032.tlg012.perseus-grc1,https://github.com/PerseusDL/canonical-greekLit/tree/master/data/tlg0032/tlg012,"Xenophontis opera omnia, vol. 5. Oxford : Clarendon Press, 1920",livre/ch/section,,,non,,"Xenophon. Xenophontis opera omnia, vol. 5. Oxford, Clarendon Press. 1920",,,,,,,,,2 (text added),AZ,,MS,Perseus,"Xenophontis opera omnia, vol. 5. Oxford : Clarendon Press, 1920",,,,
82,XENOPHON,Antiquity,http://www.isni.org/isni/0000000123212506,Xénophon,Xenophon,http://catalog.perseus.org/catalog/urn:cite:perseus:author.1499,tlg0032,c. 430 BC - 354 BC,,,GR,De re equestri,περὶ Ἱππικῆς,De l’art équestre,On the Art of Horsemanship,http://data.bnf.fr/12008413/xenophon_de_l_art_equestre/,http://data.perseus.org/catalog/urn:cts:greekLit:tlg0032.tlg013,,,technical,,http://data.perseus.org/texts/urn:cts:greekLit:tlg0032.tlg013.perseus-grc1,https://github.com/PerseusDL/canonical-greekLit/tree/master/data/tlg0032/tlg013,"Xenophontis opera omnia, vol. 5. Oxford : Clarendon Press, 1921",livre/ch/section,,,non,,"Xenophon. Xenophontis opera omnia, vol. 5. Oxford, Clarendon Press. 1920",,,,,,,,,2 (text added),AZ,,MS,Perseus,"Xenophontis opera omnia, vol. 5. Oxford : Clarendon Press, 1921",,,,
83,XENOPHON,Antiquity,http://www.isni.org/isni/0000000123212506,Xénophon,Xenophon,http://catalog.perseus.org/catalog/urn:cite:perseus:author.1499,tlg0032,c. 430 BC - 354 BC,,,GR,Cynegeticus,Κυνηγετικά,L’art de la chasse,On Hunting,http://data.bnf.fr/12320508/xenophon_art_de_la_chasse/,http://data.perseus.org/catalog/urn:cts:greekLit:tlg0032.tlg014,,,technical,,http://data.perseus.org/texts/urn:cts:greekLit:tlg0032.tlg014.perseus-grc1,https://github.com/PerseusDL/canonical-greekLit/tree/master/data/tlg0032/tlg014,"Xenophontis opera omnia, vol. 5. Oxford : Clarendon Press, 1922",livre/ch/section,,,non,,"Xenophon. Xenophontis opera omnia, vol. 5. Oxford, Clarendon Press. 1920",,,,,,,,,2 (text added),AZ,,MS,Perseus,"Xenophontis opera omnia, vol. 5. Oxford : Clarendon Press, 1922",,,,
